698.055,
0.965339,
0.594034,
980.794,
448.89,
675.087,
0,
0,
89.6753,
746.89,
0.000813183,
313.589,
0.831369,
206.216,
0,
252.996,
709.349,
0.296529,
346.749,
0.298047,
665.453,
457.728,
0.000915846,
0.000406586,
84.5645,
0,
0.109503,
0.148376,
205.7,
0,
214.639,
0.000296659,
0.00487038,
0.000347859,
0,
0,
0.000476295,
613.17,
504.179,
0.0249803,
0.00123602,
0.0057142,
200.924,
0,
0.0962512,
0.148759,
0,
0.0545782,
605.189,
609.206,
0.000610216,
0.000521957,
205.673,
0,
251.538,
0.0632537,
0.000292374,
0.168696,
0.171501,
0,
0.000478132,
0,
470.646,
0.000751566,
0.000540391,
0,
0,
581.11,
463.547,
564.458,
0.0507324,
315.174,
191.99,
0,
83.9836,
234.544,
0.0404,
126.279,
0,
0,
0.157803,
0.121739,
0.000217806,
0,
0.00026754,
0,
0.00032519,
793.622,
0,
520.233,
0.273769,
0.00250784,
0,
0.000284301,
736.57,
0.00912418,
0,
0.564568,
0.0264658,
0.000229122,
0.013679,
564.468,
0.44233,
428.192,
0.0150654,
0,
0.000349426,
0,
0.000204033,
0.00849798,
0.000885484,
0,
0.169406,
0.135978,
0,
0,
0,
0.000236475,
0.000312096,
0.000396421,
0.103441,
0,
0.0980755,
0,
0.0097041,
0.000284298,
0.000952065,
0,
167.92,
201.021,
0.00665707,
0.903335,
2.21477,
149.262,
0.453488,
168.984,
0.369243,
503.608,
0.0375706,
418.992,
460.437,
0,
0.0214266,
0,
0.000358204,
0.52495,
0.000370853,
0.000751947,
0.000269134,
0,
0.631644,
522.549,
366.881,
0.000265477,
0,
0.000457512,
0,
0.363939,
0.800371,
3.61697,
0.00104083,
0.201481,
0.450093,
1.67949,
576.107,
0.297993,
318.883,
0.000704188,
0,
0.000464619,
633.758,
0.0113356,
0.000252751,
0,
0.000348449,
0.000312095,
0.0169412,
0.000356085,
0.000319252,
0,
0,
0.000318921,
0,
0.00701202,
0.0157432,
0,
153.391,
0.000177126,
176.837,
0.000213278,
0.107358,
0.0993938,
0,
0.000342171,
0.00025754,
0.000265776,
0,
0.000263022,
0,
0.000570862,
0.000305912,
339.595,
0.78406,
541.313,
0.105445,
0.000171472,
0.0987694,
0.0167117,
0,
0.0187846,
134.529,
0,
157.101,
0,
145.498,
140.28,
0,
0.367198,
0.202097,
0.455641,
108.195,
144.082,
0.0138761,
631.55,
0.903627,
0.800927,
57.8874,
0.0200887,
0.00369835,
184.732,
0.0473355,
0.000249312,
567.316,
0.000696152,
0.000338167,
0.000401758,
0,
0.000446374,
152.361,
338.252,
0.00115194,
0.000447862,
310.011,
0,
0,
0,
0.000173082,
0.000199762,
0.000404346,
0.0709453,
0.0630026,
0.25855,
0.0170921,
0,
0.00086193,
149.722,
346.861,
0.000422009,
140.782,
0,
0.0257086,
0,
0.0115794,
0.0182189,
0,
0.00139477,
0,
0.00113577,
1126.07,
1270.33,
0.000195047,
0.00743807,
463.439,
152.693,
0.000432102,
170.586,
0,
0.000187865,
0.119604,
0.111151,
0,
0.0442278,
0.141709,
1.7926,
0.0711855,
0.0475783,
96.2087,
59.0505,
0.375426,
51.6611,
0,
0.00119736,
262.312,
1068.32,
0.0154377,
0,
0.00160664,
0.000267623,
0,
0.000263054,
0.000312096,
23.4964,
40.0061,
38.2308,
0.0370048,
0.000392153,
0.0138013,
2.04063,
0.15018,
0,
0,
0.000214503,
0.0010491,
0,
786.596,
171.661,
0.000265475,
145.119,
181.423,
0.0851063,
0.0188217,
0.000296619,
0.137694,
0.231696,
124.53,
0.135971,
0.00031173,
5.70698,
4.72326,
0,
2.76819,
2.42639,
0.0561216,
0.100457,
75.3137,
23.615,
40.8588,
0.00040262,
146.651,
0.185029,
0.0904503,
0.800474,
0.0851063,
186.445,
196.144,
197.965,
107.598,
108.416,
212.517,
217.522,
4.065,
283.301,
284.215,
60.0198,
0.0145438,
82.2076,
285.135,
0,
4.72173,
111.076,
0.0049744,
96.9287,
17.601,
49.2117,
0,
0.00104171,
0.00130213,
19.1537,
0.00412038,
17.5083,
0,
0.000260683,
0.0133013,
0.000220692,
0.0119714,
0.000312099,
0.0118386,
136.883,
76.5763,
135.365,
0.000237456,
0,
0,
0.0002469,
0.0002142,
0.000265293,
0.0177975,
0.428615,
0.186507,
0.155422,
0.000232924,
0.159977,
0.000296625,
0.000195842,
0,
0,
2.08252,
283.246,
0,
8.47603,
0,
0,
2.8205,
107.566,
0.000287403,
0.000379977,
4.13137,
3.72919,
0,
3.20501,
49.1458,
0.00166186,
0.000295941,
0.00157884,
0.00382433,
0.00407877,
0,
0.000312097,
0.014315,
0.0277909,
0,
77.4889,
0,
0.0132962,
0.0335906,
0,
0.000266561,
0.000221411,
0.00214688,
0.596803,
0.0707143,
0.583482,
0,
0.000507775,
363.756,
58.4274,
0.424918,
57.3359,
2.20619,
0,
2.9317,
0.000255479,
0,
1.59982,
199.482,
285.994,
210.419,
107.537,
0,
0.00465331,
0.00132664,
0.0017318,
0,
0,
0.0010417,
0.00876303,
0,
0.00890986,
0,
0,
0.000526152,
23.4824,
40.0356,
38.5182,
173.036,
175.438,
29.4791,
0.097906,
0,
0.144664,
0.595774,
0.193648,
0.531685,
0.000994685,
0.177528,
0.184172,
0.000296664,
0,
0.000367238,
492.301,
0.00047,
657.179,
461.07,
0.000410775,
2.0881,
1.45423,
0.000323457,
3.86682,
5.65383,
4.09171,
2.23067,
2.82551,
0,
0.00171613,
0.00171613,
0.00152568,
0.017282,
30.4722,
16.7852,
0.00587273,
16.464,
0.012187,
0,
0.000554226,
0.000260672,
0.000239424,
0.000312094,
0.000236771,
136.302,
76.8359,
137.397,
48.9014,
0,
0,
0.000277675,
0,
0.00021528,
299.287,
0.000310016,
0.0223934,
531.397,
0.0156726,
170.721,
825.332,
0,
845.101,
0,
810.882,
877.396,
0.00984121,
0.0567962,
0.204447,
283.346,
0.000160451,
0.0117817,
6.51172,
23.4763,
23.4528,
38.5822,
0.0115407,
0,
6.08996,
23.461,
0.00225266,
0.00841679,
0.00687332,
0.000260682,
0.0022555,
0.000189055,
0,
0.027461,
0.0144739,
0,
78.0458,
49.2074,
0.000399702,
0.000228966,
0.000362875,
0.00072929,
0,
0.000248586,
102.014,
0,
0.0147606,
216.605,
0.0989592,
0.000572211,
238.969,
55.0464,
827.472,
0,
912.775,
0.284012,
531.665,
0.302463,
6.65315,
111.06,
107.591,
7.49245,
3.4665,
210.483,
201.1,
108.42,
290.361,
7.12457,
0,
0.000387928,
0.00023636,
0.000373295,
0,
0.000206618,
2.09851,
11.1785,
41.3866,
39.6235,
23.505,
38.4512,
23.6206,
77.5245,
76.5488,
135.274,
0,
76.8722,
0.00149553,
0.00127145,
0.000247306,
0,
0.00187434,
0.00103335,
0.00144766,
0.000624801,
0.00281509,
0.0875286,
0,
0.00104171,
0.000260426,
0.000427464,
0,
0.00869276,
0.000267598,
0.000261021,
0,
173.68,
175.714,
39.2778,
0.000231101,
0,
0,
330.592,
0,
0.000322843,
176.287,
0,
439.722,
362.528,
0.000296622,
0.21534,
0.172728,
0.389918,
0.638215,
642.083,
0,
782.069,
0.506179,
0,
0,
39.8682,
136.385,
39.4497,
3.42249,
146.968,
39.9277,
0.00165335,
0.00141911,
0.000241278,
0.00236516,
0.0168635,
30.3971,
16.7664,
0.0156627,
16.4058,
0.0127409,
0,
0,
0.000260663,
0.0018044,
0,
0.00193064,
0.0012715,
0.0107741,
0.000312098,
0.0213094,
49.0887,
0.000287658,
0.000250823,
66.5445,
0.0642842,
0.00045881,
216.155,
0.0018306,
0.000316451,
0,
54.7204,
35.642,
285.118,
0,
0.000938667,
0,
0.190294,
0.220163,
0,
0.632291,
633.089,
541.176,
0.000481026,
0,
0.00410613,
6.81972,
0,
0.000211598,
0.00213291,
16.7408,
48.8843,
49.1969,
14.0513,
136.892,
49.2266,
0.011398,
0,
0.0100922,
0.0088161,
0.000939783,
0.000622265,
0.00166607,
0,
0.00144669,
0.000928748,
0,
0,
0.000312096,
0.000876427,
0.00086846,
0.00026761,
229.511,
0,
0.000279742,
0,
1585.4,
1868.76,
1703.17,
0,
200.003,
108.873,
0.000282316,
0.00027001,
0.000375419,
0.281397,
845.571,
600.473,
0.000726131,
0.000281604,
0,
0.000757333,
49.1696,
175.687,
173.509,
29.7162,
173.445,
0.0371226,
0.0399243,
0.00733714,
87.7351,
2.38033,
7.27889,
0.00814214,
0,
0.000839199,
0.000945642,
0.000709524,
0.000469889,
0.00023651,
0.00270736,
0.000723729,
0.0022432,
0.00197836,
0.0012715,
0,
0.000254291,
0.00833552,
0,
0.000189055,
0.000267624,
0.000261019,
0.000263076,
49.8833,
0.000269713,
59.063,
0.000681207,
0.00807263,
0.00477044,
5.40722,
0,
0.639555,
491.753,
268.61,
0,
798.021,
0.269299,
558.402,
0.000671729,
0,
0.000438966,
0.000279538,
0,
0,
0.00170607,
2.14905,
2.13584,
7.10439,
25.3319,
19.2591,
15.235,
30.4839,
30.3558,
0.00775384,
0.0392239,
9.68662,
0,
0.0149473,
0.0293036,
0.000839208,
0.00104901,
0,
0.00117457,
0.0028378,
0.000236514,
0.00168891,
0.027366,
0.00026067,
0.0127412,
0.0121932,
0,
0.00130212,
0.0010417,
0.00225549,
0.00171612,
0,
0.0220272,
0.000312092,
0.00970763,
0.00186056,
0.0184502,
0.0174542,
0.000493239,
0.000955453,
0.000955442,
0.00113534,
0.0164077,
0.000753685,
0.00929425,
0.0100908,
0,
567.439,
443.207,
0.306161,
0.000182974,
36.9107,
36.5681,
0.360071,
613.451,
504.629,
0,
0.000383565,
0.185,
0.149541,
0,
0.00502107,
0.0170587,
45.814,
0.00770402,
0.000504548,
0.00891749,
0.000245856,
38.0289,
0.0187808,
0,
0.00023979,
0.000261029,
0.00101305,
0.00737342,
0.00258486,
0.00839076,
0.0339218,
0.00189543,
0.00217149,
0.00495262,
0.00141888,
0.000469889,
0.00141908,
0.00249912,
0.00124001,
0.00020667,
0,
0.000260683,
0.00180439,
0.0007478,
0.00228852,
0.00197837,
0,
0,
0.0151911,
0.0301068,
0,
50.6763,
0,
36.7538,
0,
0.000337797,
0.000446616,
0.000296623,
0.207363,
0.191873,
2.13545,
0.00798388,
13.7981,
188.189,
2.38668,
3.54879,
100.629,
0.00081167,
0.00403631,
0.00147853,
0.00113532,
0.00243218,
0.00498747,
0.000249268,
0.00144766,
0.00148378,
0.000472826,
0.000723739,
0.000208261,
0.00120638,
0.00697855,
0,
0,
0.00104258,
0.000427465,
0,
0.00825814,
0.000267619,
0,
0,
0,
0.00692803,
0.00587349,
0.00373297,
0.00684255,
0.00167355,
0.00830624,
0.0114831,
0,
0.00023688,
0.00982626,
0.360151,
583.365,
409.447,
0,
0,
0,
0.000479054,
521.512,
0.0545202,
0.000266806,
0,
0,
0.00252269,
78.5295,
2.09967,
20.1573,
0,
0.000874698,
44.222,
0.0117144,
50.7369,
1.95914,
0.00113534,
0.000227066,
0.00113477,
0.00119431,
0.000267649,
0,
0.000368777,
0.000786059,
27.207,
0,
8.09277,
0,
0.000546287,
0,
0,
0.000222542,
0.00101712,
0.000217308,
0.000508584,
0.00149547,
0,
0,
0.000209801,
0.000945638,
0.000709234,
0.000704842,
0.000946061,
0.00118258,
0.00144765,
0,
0.0127412,
0.00110846,
0.000676655,
0.00193065,
0.0132659,
0.000508625,
0.0058646,
0.00670458,
0,
0.0156273,
0.00489543,
0.00561173,
0.0110709,
0.00602067,
0.000496713,
0,
636.59,
0,
0,
39.0853,
38.534,
0.000311559,
0,
0.000296624,
0.158939,
15.1174,
0.000811347,
89.7299,
36.5127,
174.647,
14.119,
0.0037746,
22.0401,
2.09661,
5.25315,
120.429,
3.39033,
0.000532536,
60.8863,
0.0011943,
23.1424,
0,
0,
0.000239765,
0,
0,
0.000273142,
0,
339.188,
267.236,
148.919,
0.000268033,
0.000318629,
0.000546281,
0,
0.000318626,
0,
0.0005086,
0,
0.0002543,
0.000241273,
0.000946044,
0.000946035,
0.00125881,
0.000939782,
0,
0,
0.00224347,
0.000762885,
0.00245253,
0,
0.000312093,
0.0303864,
0.0166765,
0,
0.000434711,
0,
0,
0.00321512,
0.00889423,
0.00841618,
0.00267789,
0.00214646,
0.0426681,
0.000456494,
0.00022076,
0.00905164,
0.000213023,
0,
0.182842,
31.936,
0.00118367,
0.000213042,
0,
0,
339.589,
58.2653,
111.973,
46.6202,
45.5434,
273.276,
128.96,
17.5263,
0.03295,
4.26357,
0,
49.2331,
7.87323,
4.65633,
0,
0.0133517,
0.000268629,
4.26737,
0.000368781,
0.000318629,
0,
0.000273142,
0,
0.000230877,
0.000508581,
0,
0.000939772,
0.000709544,
0.000712482,
0,
0.000778827,
17.9885,
0.0143132,
0.0158552,
29.8516,
0.00897649,
0,
92.7032,
0.000525307,
0,
0,
50.152,
0.00025389,
49.2462,
0.000850977,
0.00486888,
0.0004589,
0.00748681,
0.00620714,
8.10074,
0.000218805,
0,
0.000439726,
0.000289636,
41.3644,
34.8377,
0.000295189,
0,
0.00802733,
12.0912,
0.0030307,
0,
0.000772999,
0,
49.2185,
2.03961,
273.379,
84.6134,
0,
65.192,
291.365,
123.224,
130.626,
0.00183777,
0,
0,
0,
0.00036878,
0.000318629,
0.00076284,
0,
0.000494613,
0.000723826,
0.000473019,
0.0136262,
0.0014357,
0,
0.0132951,
152.009,
0.00740929,
31.0085,
0.0205886,
0,
0.0155239,
0.000428959,
0.000209355,
0.0076004,
0.00387526,
0.00333488,
9.41571,
12.081,
0.000225713,
39.5271,
38.4861,
0,
0.000207836,
0,
25.8026,
231.539,
126.211,
108.94,
120.439,
0.000484451,
10.4846,
4.79884,
1.06261,
14.8026,
0.00134694,
15.0367,
342.684,
20.2604,
22.1174,
0,
0.000216916,
0.000216517,
0.000216891,
0,
0,
0.000188747,
0,
7.50175,
2.53828,
0.119543,
0.000368781,
0,
0,
0.000207156,
0,
0.000965094,
0.000839211,
0.000472829,
0.0270959,
0.0138325,
0.00144671,
0.0797648,
0.0245657,
0.000959695,
19.3882,
0.0154211,
0.000265995,
0.00292696,
19.6551,
19.5787,
0.00716893,
0.00796513,
0.00958033,
28.1383,
0.0002476,
0.00062428,
0.0135561,
0.0285958,
0,
0.000271288,
0.00287492,
0.00191269,
0.0102534,
0.00395636,
0.00343547,
0.0746214,
0.00447293,
0.0187097,
0.00910299,
14.9018,
0.00165584,
0.00895924,
9.17977,
0.00178815,
0.000237026,
0,
0,
0.000892409,
34.0733,
40.1181,
0,
0.000207815,
6.12465,
22.5871,
0.927929,
0.000217727,
0.000281814,
0,
0.000771795,
0.000641972,
0,
0,
3.18383,
0.00721708,
5.77505,
0,
0,
0.000216521,
0.000205915,
0,
0,
0,
0.000248067,
0.000508625,
0.000214428,
0.00124632,
0.00363415,
0.00294485,
49.2087,
492.862,
550.785,
19.7827,
0.00901384,
0.00337681,
30.6107,
48.9042,
49.1713,
38.4687,
0.000549647,
0.000530045,
0.000308253,
0,
0.000254421,
0.00029378,
53.0564,
0,
49.9239,
0.00483557,
0.00308857,
0,
0.0168888,
0.00364097,
0.0014226,
9.13703,
9.46747,
14.6476,
0,
0.000226113,
0.00021941,
0,
83.532,
25.853,
20.3688,
19.665,
0.000677013,
11.4505,
0.000228278,
0,
0,
0.012954,
0.00480174,
0.0141318,
0,
123.937,
291.338,
173.663,
71.2201,
271.864,
155.261,
50.9338,
5.67236,
16.1766,
0.000215742,
0.000215749,
0.000214923,
0.000418965,
0,
0,
0.000437564,
0,
0.000805449,
0.12681,
0.150232,
0.0538427,
0,
0,
0,
0.000216527,
0,
0.000231922,
0.000412077,
0.000368784,
0,
0,
0,
0,
0,
0.000318629,
0,
0.000273145,
0.000243914,
0.00901385,
19.6648,
19.7237,
0.000492197,
24.7569,
0.0262794,
0.0343557,
29.753,
19.8071,
1032.54,
0.0910175,
518.65,
0,
39.6441,
49.1972,
39.8688,
38.6059,
0.000312134,
0.0237803,
382.601,
0,
0.000202638,
14.7657,
0.00892832,
14.5844,
84.9343,
84.778,
55.6857,
25.8946,
65.5086,
0.000224032,
39.3671,
38.5704,
0,
39.4617,
41.5484,
0.0114919,
34.1155,
34.1733,
0,
0,
0,
0.000239434,
35.9751,
0,
1.34458,
0.000278888,
1.36919,
11.6058,
0.0141337,
0,
0.121152,
0.227704,
0.131634,
0,
0,
0.000168966,
0.000216916,
30.4972,
49.09,
0.0753461,
95.7614,
75.3204,
0.000853447,
0,
0.00485887,
441.76,
0.000675771,
0,
0.00321594,
0.00987326,
0.0155127,
0.00439899,
9.43666,
9.33574,
0.00954576,
9.45424,
84.257,
84.0379,
77.6831,
25.8876,
25.7969,
19.6788,
65.0239,
20.3438,
0.000492621,
0.000314471,
0.00028542,
0.00117689,
0.000220872,
0.00849507,
3.92959,
10.251,
0.000210748,
0.000463195,
0.00037078,
0.000214416,
0,
0,
0.000293973,
0.000268484,
0.0616087,
0.00223744,
0,
0.00330629,
0.000215734,
0,
0.000214896,
0.000408205,
0.000215734,
0.00047403,
1.20186,
0.0903345,
0.106322,
0.494834,
0.000519084,
0,
17.8843,
37.4812,
0.000603729,
10.0443,
0,
0,
0,
0.00938514,
10.2546,
19.5285,
0.00789688,
0.000318624,
14.9095,
30.3502,
173.385,
175.567,
135.32,
653.983,
0.000531096,
183.837,
0.000853059,
23.5282,
172.991,
136.9,
175.516,
116.85,
23.5037,
23.5379,
3.81811,
0.000289187,
0.000247237,
354.616,
0.000354823,
0.000525528,
444.765,
50.0513,
0,
52.3608,
0.00769836,
0,
0,
0.0187237,
0.00241211,
0.00126953,
0.00444333,
0.0246501,
14.8407,
0.0131935,
19.1605,
65.7837,
84.7703,
64.7084,
25.8371,
20.462,
19.6485,
36.1192,
35.8373,
1.37737,
11.4294,
0,
0.000225013,
0.000219749,
1.60539,
36.1662,
2.43625,
2.56894,
0.0291218,
0.000208607,
0,
0,
0,
0.000260482,
0.000330008,
0.00024533,
0,
0.0033782,
5.44665,
0.0129558,
0.00621488,
0.00624256,
0.000208591,
0.000756382,
0,
0.00039943,
0,
0.000294441,
0.000230793,
0,
0.000544318,
0,
0,
0,
0,
0.000216916,
0,
341.229,
268.752,
146.568,
0.00275969,
1.08669,
84.5477,
0.0238426,
0,
8.29978,
48.8849,
49.2079,
38.5262,
136.888,
173.572,
146.906,
175.743,
136.435,
164.382,
173.615,
135.849,
39.9236,
1227.51,
0.188109,
378.392,
0,
545.632,
420.962,
0.0557103,
0.000368322,
0.174602,
84.0901,
25.7755,
11.4869,
11.5158,
1.28545,
0,
39.372,
51.5274,
0.00588809,
34.3203,
36.1533,
0.000212964,
0,
0.000658421,
311.573,
0,
0.000721049,
0.00107056,
0.0187175,
0.0305067,
0,
0.00268514,
0.0141336,
300.431,
3.65505,
0.00361194,
68.4752,
477.216,
0.000214398,
0,
0,
0.000410439,
0,
0.48095,
0.0867646,
9.2135,
0.00134021,
0.000639739,
3.42882,
0.000328571,
4.55889,
2.83186,
0,
273.672,
0,
49.1685,
40.0458,
38.2188,
92.5562,
76.9419,
76.8687,
4.08395,
23.4514,
23.4563,
3.15969,
0.0012971,
0.00143304,
0,
0.000342934,
0.000648799,
476.094,
0.000395948,
0.0203383,
41.3915,
2.1795,
76.504,
3.72731,
78.3433,
3.40499,
3.39789,
2.82343,
0.630093,
0.289912,
0.00122015,
0,
0.0394322,
0.2425,
0.00061001,
0,
0.000840992,
45.1436,
53.0023,
0.00176552,
0.00413001,
0.0275421,
0.00502967,
0.00710624,
0.00884077,
0.00839836,
14.431,
0.00147529,
9.52136,
9.31221,
14.8301,
65.5719,
84.7077,
84.1451,
78.4338,
64.6159,
65.4072,
25.7667,
25.9429,
19.5427,
20.4221,
35.8003,
1.49398,
1.57759,
42.6776,
0.000881989,
39.394,
0,
0.000232862,
530.403,
0.000355649,
504.858,
0.000194867,
0,
0,
0.000214212,
0.000303357,
2.58717,
0.00249392,
70.6847,
0.338051,
0.00685352,
0.12436,
0.0719335,
0.000216865,
0,
0.000585319,
346.469,
0.000208633,
0,
0.000321661,
1844,
1894.19,
2809.41,
0.000244871,
0.0868757,
17.2608,
0.000467328,
0,
0,
0.000209014,
0.000220175,
0,
0.00526714,
5.64236,
0.000216992,
0.00021575,
0,
46.6362,
271.502,
154.563,
0.000239758,
0,
6.96793,
0.000398663,
0.000267645,
8.58202,
0.00991179,
49.1502,
3.47185,
23.632,
23.4672,
2.91628,
0,
0,
564.375,
623.132,
4.34934,
0,
0.103484,
1463.72,
0.000816181,
0.000970289,
220.54,
745.438,
0.645819,
912.44,
0.00984118,
896.634,
0.00148953,
0.000286526,
453.266,
334.626,
0.000269523,
0.00402853,
0.00588834,
0.0255261,
0.00583524,
0.000402507,
0.0277358,
0.00442702,
25.6656,
20.4432,
24.0853,
11.5417,
11.4953,
1.07143,
1.11165,
0.000399046,
0,
490.305,
0.000379064,
0,
0,
403.306,
0.184767,
0.337039,
0.000415655,
0.000200958,
0,
0,
0.000253808,
0.000254152,
0.000205699,
3.25592,
0,
2.15764,
0.0141318,
0.00116519,
5.08115,
201.882,
1862.11,
180.969,
0.000292673,
0,
0,
1924.22,
1898,
1971.87,
1913.84,
1.30314,
8.05386,
9.43627,
0.000627164,
1.03014,
0.00083905,
18.7966,
0.000703623,
0.0738125,
0.207445,
0,
0.000220261,
0,
0.000374651,
0.000212683,
0,
0.000233563,
0.000214569,
74.4319,
291.891,
121.646,
130.847,
342.935,
26.9635,
44.1465,
123.53,
291.71,
159.411,
0.000874375,
0.0174147,
25.694,
40.0089,
48.7061,
2.9547,
76.8368,
77.493,
2.68048,
23.4848,
2.80072,
1.9024,
76.4976,
35.4091,
6.59476,
2.83482,
0.000287824,
0.000444905,
174.093,
0.00772331,
0.000737035,
0.0067134,
747.716,
0.00054632,
514.748,
0.408421,
0.000816068,
0.29132,
0,
195.607,
0.000311729,
0,
4.71587,
0.0553157,
894.949,
896.736,
0.00297909,
0.00101546,
802.425,
751.783,
0.0257374,
0.056796,
0.000203138,
49.9906,
0,
47.3405,
83.9393,
25.7299,
35.7562,
35.7648,
1.53365,
36.0877,
36.0872,
1.48228,
1.48954,
0.000206888,
0,
582.487,
578.093,
0,
577.576,
0,
0.000720969,
0.00432572,
190.599,
65.3136,
110.048,
0.00117757,
0.000230605,
0,
135.48,
0.000377615,
1919.7,
0.483771,
0,
0.0086476,
0.000740765,
0.125495,
73.5204,
47.6699,
1.37451,
0.09505,
185.023,
0.0843322,
0,
0.00265024,
6.31235,
3.47946,
0,
0,
0,
7.50366,
2.52664,
0.12059,
64.1892,
272.686,
128.678,
0,
0.0042645,
0,
0.00516277,
0,
0.00684257,
10.3351,
2.15599,
11.1833,
2.66562,
0,
0.000357985,
0.457458,
5.70043,
0,
169.471,
153.342,
0,
0,
2.97408,
0.038617,
0.262374,
0.000736582,
0.0257309,
0.261196,
679.911,
571.12,
0.000552995,
0,
0,
0,
0.000416906,
0.000943636,
0.00435569,
0.023129,
0.000742459,
0.00685142,
9.33382,
0.0109327,
0.000420672,
15.3204,
9.47508,
25.9386,
20.3213,
20.1382,
11.2412,
11.5055,
1.19714,
0,
0.441583,
0.000882329,
46.5625,
51.6346,
0.000226598,
0.000217764,
0.000200965,
0.000243342,
129.938,
62.2681,
121.254,
0.614445,
0.629425,
20.1437,
315.02,
4.21498,
685.469,
176.331,
2.57746,
0,
2.70463,
0.000509471,
0.000428483,
2.40064,
0.000338815,
0.000337814,
0,
124.329,
0,
0.137258,
0,
358.106,
0.000444281,
0.372175,
535.427,
443.538,
107.612,
4.71648,
111.119,
217.458,
0.274514,
816.244,
727.777,
0.00101523,
0,
0,
0.332897,
0.0316695,
0.00101155,
673.972,
0.396773,
660.917,
0,
65.3546,
0,
53.5419,
0.0146761,
0.00103016,
0.000206176,
0.0109906,
14.72,
65.255,
84.8608,
55.3444,
11.5204,
1.54046,
36.1547,
2.15759,
1.56697,
1.01611,
0,
0,
0.000269298,
0,
602.596,
577.399,
0.614954,
46.2254,
0.00117485,
52.0059,
0,
0,
0.000275062,
0.00026444,
128.958,
0.000254131,
0.000721008,
5.2242,
0,
0.173828,
0.104931,
0.209085,
0.235298,
0.193952,
0,
138.585,
0.193237,
1827.94,
1941.44,
531.247,
166.848,
162.879,
52.2824,
0.831862,
1.35565,
378.901,
0,
0.251232,
6.29127,
341.143,
1.23633,
789.338,
1789.05,
123.406,
296.111,
0.000209414,
0.000179114,
96.7948,
63.5467,
0.000208601,
0,
0.000321849,
0.0194108,
0.0416002,
0.000318718,
0.00225218,
2.27487,
0.0374367,
0.0135134,
0.00844588,
45.5635,
14.1083,
22.0501,
0,
0.00910582,
0.00840537,
0.00684652,
0.00303491,
2.15483,
6.7258,
2.11283,
0.0154325,
0.00656652,
159.636,
0,
0,
2.70634,
0.0825195,
54.0673,
37.2531,
0.000364401,
0.245272,
0.813546,
0.996861,
0.0179355,
0.000374178,
0.0292484,
0.00714758,
0.00234358,
0.491249,
823.994,
0.0375746,
777.171,
0,
1869.59,
108.944,
1337.36,
1576.96,
0.128506,
193.063,
285.453,
285.222,
796.235,
0.448399,
450.442,
0,
0.650058,
774.771,
1058.85,
0.00108885,
0.000366348,
657.749,
439.123,
0.00661226,
0.0123669,
0.0120921,
0.000841527,
43.2405,
0.0105059,
33.7769,
0.0022531,
9.47396,
9.40132,
84.0561,
35.9718,
1.01512,
11.5877,
1.07491,
0.000219921,
0,
0,
0,
0.000192163,
0,
0.000208238,
775.907,
0.00118322,
551.054,
0.78557,
0,
0.0002256,
0.00036152,
121.578,
0,
0.000273975,
0,
0.646249,
305.507,
0,
0.00118028,
0.19092,
320.738,
167.931,
19.8511,
170.906,
32.3557,
532.876,
105.751,
2084.43,
20.4449,
0.210387,
675.674,
777.329,
1.61934,
598.319,
143.737,
106.843,
122.135,
63.6912,
142.616,
3.24658,
0.00832141,
88.6953,
0.000228226,
0.000214274,
0.000238989,
3.39484,
2.24573,
5.16623,
0,
0.000474035,
0.130411,
0.118393,
0.0544848,
0.00602937,
0.0105066,
5.1724,
0.000321694,
0,
107.602,
3.77898,
108.431,
252.739,
0,
0.00133874,
0,
0.000452626,
0.0070868,
0,
0.0204693,
42.4015,
283.295,
36.509,
0.631647,
843.734,
496.097,
0.000755901,
0.446789,
0.000368332,
0.362131,
0.428197,
784.639,
445.608,
0.000448799,
0.290632,
0.00035863,
0.00989572,
0.00640884,
0,
0.0102227,
0.01172,
14.5955,
0.00708757,
25.8548,
25.8338,
20.1711,
14.8848,
25.7634,
20.3383,
11.4977,
1.52769,
36.0804,
1.3877,
0.000223432,
0,
0,
735.55,
564.775,
0.28919,
129.658,
0.000521842,
121.235,
3.27554,
2.17607,
32.6839,
30.535,
0.000226199,
73.6823,
0.00186302,
14.6286,
0.0208266,
0.000281629,
0.104007,
0,
0.260017,
0.0935426,
1912.17,
0.0837005,
341.385,
0.079482,
40.0242,
992.463,
935.809,
139.913,
0.000267599,
3.82512,
1318.45,
594.151,
584.786,
2057.09,
829.426,
676.746,
0,
0.184174,
0.0105212,
12.7727,
171.356,
2.64671,
1.0214,
300.211,
280.211,
0.144805,
654.158,
1276.81,
2265.53,
229.691,
358.71,
2258.12,
303.357,
165.688,
3.88475,
0.0604762,
199.452,
27.0434,
0.0615098,
0.0105741,
0.956804,
162.58,
161.954,
33.8485,
0,
66.0793,
338.695,
7.06644,
467.324,
262.222,
4.89855,
34.4575,
0.000434102,
0.000316051,
0.00721646,
0.00748361,
0.000321519,
15.1583,
2.46571,
0.00149162,
0.0424691,
4.23363,
2.15694,
0.00708388,
12.1305,
0.000313476,
147.182,
147.709,
197.986,
282.049,
0.0908812,
0.353751,
0.749429,
0.000260398,
0.00336764,
0.000237833,
1.26153,
0.354112,
576.38,
497.928,
0.136233,
0.107644,
0.303569,
0.235087,
1.79727,
0.0194034,
0.000390216,
0.000368332,
0.383771,
0.363626,
0,
0.00174023,
45.9813,
48.1697,
0.000268097,
0,
0.000374989,
0.000784796,
0.000268309,
0.000403623,
0.00538793,
0.000215759,
0.00685407,
0.00307224,
9.47954,
9.42741,
11.5589,
1.10978,
1.30067,
0.000195619,
0,
0.0234574,
583.087,
355.116,
0.000261077,
0.000236446,
0,
0.000447587,
63.7436,
124.456,
114.846,
0.000350439,
0.000707865,
0.000818484,
0.00195885,
0.0189661,
0.000503913,
0.0761638,
0.00254351,
37.8392,
0.00750079,
0.0158889,
0.00132404,
0.00117701,
0.00346228,
0,
0,
0,
0.0164236,
2.59051,
123.612,
191.258,
156.005,
1898.39,
1928.36,
1966.25,
0.000208616,
0,
0,
0.000208623,
1.10938,
0,
0.116173,
0.0223738,
0.00246524,
0.00197925,
3.49694,
54.3427,
122.735,
17.5123,
2.11643,
22.5029,
0.000518684,
0.000410858,
0.000373968,
0.000354394,
3.54442,
0.000182533,
2.23564,
199.443,
107.588,
212.515,
283.275,
0.000822444,
0.0145204,
0.815923,
0.665441,
0.00163765,
0.00143636,
0.00300501,
0.763794,
858.903,
0.299473,
607.679,
0.00175163,
0,
0.00115217,
0.000594558,
903.447,
0,
619.279,
0.136157,
0,
0,
0.00151546,
0.00459215,
0.00555915,
0.00111148,
14.8065,
0.00848939,
14.7598,
49.2117,
0.00801249,
44.8598,
84.5201,
0.000237434,
0,
0.000223896,
0.000218506,
46.6086,
0.000493082,
33.4318,
2.63961,
63.336,
2.25722,
162.232,
0.00261878,
0.0602397,
0.0402254,
0.0155407,
0.000265152,
0.0177477,
0,
0,
0.000856615,
0,
0.173563,
0.210424,
152.125,
0.00244007,
0.0128483,
1314.64,
131.968,
19.0255,
170.607,
34.3866,
32.5099,
0.0265466,
0.000412123,
0.000921249,
0.00107024,
66.3635,
92.9691,
882.232,
0.102376,
0.00344108,
1.1735,
164.69,
1882.88,
1901.03,
1855.67,
2848.62,
1817.22,
0.0129558,
0.00706591,
0.00660241,
0.000730936,
0.000855261,
0.000536966,
0.000242122,
0.0640114,
0.0040619,
0,
0.000321931,
3.39301,
0,
0.0267285,
0.0578886,
0.307664,
0.136538,
0.102068,
0.00151529,
5.24132,
2.10943,
0.0291075,
0,
33.943,
0.000650848,
170.095,
164.158,
0,
0.233681,
0.0173613,
1.78314,
108.471,
284.427,
43.0976,
60.5537,
0,
0,
0.00178517,
0.00260395,
0.191078,
0.0918476,
0,
0.000581181,
0.000204706,
0.00232472,
0.0175517,
0.0404217,
0.403001,
0.017076,
0.0378987,
0.796996,
575.571,
0,
0.000347038,
0.00815528,
534.648,
0.0648268,
0,
0,
0.000207279,
0.000394134,
0.0113326,
0.0129294,
0.0362744,
0.00874603,
25.7954,
25.8581,
20.0817,
83.9701,
84.4699,
64.9221,
65.0318,
0.0153313,
36.0539,
20.3734,
11.4813,
0.000305484,
0.000235044,
0,
0,
0.000187429,
0.000391696,
0.00793416,
0.000466139,
0,
42.0844,
0,
575.844,
148.849,
0.000253729,
175.618,
0,
0,
0,
163.895,
26.9145,
30.557,
0,
0.00137414,
0.00912239,
10.4449,
0.000202926,
0.0338641,
0.84677,
0.0110625,
0.0186876,
0.0438721,
594.4,
192.234,
0.00225657,
189.867,
0.104887,
169.75,
0.251163,
111.33,
0.00075568,
33.0468,
172.085,
20.7967,
1943.87,
1854.01,
550.731,
1863.67,
217.623,
195.597,
0,
0.00630091,
0.000314562,
0,
0.00668705,
0.000292217,
0.0749998,
0.000244871,
17.9085,
6.13189,
0.000299786,
0.856445,
0.00107134,
7.89593,
4.65249,
49.2329,
0.0117142,
185.631,
45.3292,
75.5742,
0.000313505,
0.000338421,
0.00564525,
0.00167384,
0.0118312,
0.131482,
0.295343,
142.129,
0.017164,
0.00223694,
0.399064,
0.000204735,
0,
650.02,
0.033658,
0.000309019,
887.413,
0,
0.00678999,
1172.47,
0.000368317,
0.000293804,
0.000221612,
0,
0.000324475,
0.000469269,
0.000296817,
0,
0.00026109,
0,
0.000265673,
0.000310526,
0.0117156,
0,
0.0220335,
0.00118669,
9.45698,
9.58615,
65.7847,
84.7007,
65.0981,
44.4822,
0.00100858,
51.2292,
1.48255,
0.000269351,
1.28748,
46.3236,
0.000293461,
0,
0.675708,
0,
0.000206118,
0.000222979,
0.01811,
0.00318533,
165.884,
0.0392023,
0.0242148,
0.928333,
2.76073,
0.0039722,
11.055,
0.00497961,
0,
0.00151931,
38.9396,
5.67581,
53.0328,
211.172,
0,
289.479,
0.000203034,
0.014031,
0.000461638,
1907.68,
0.0147224,
0.000588892,
0.00131666,
0.00174245,
0,
0,
0.000213391,
0,
0.000226072,
0.000641977,
5.19633,
0.782703,
0.0931835,
0.193608,
0,
120.407,
0.000822598,
0.000144018,
0,
0.000515458,
197.937,
107.644,
217.401,
283.309,
0.346608,
0.108142,
196.082,
1024.76,
0.000267364,
0.002281,
0.00274014,
0.0025188,
0.0555458,
0.952495,
0.0153569,
0.00223929,
0.000204355,
0.000203756,
0.000191353,
52.4246,
0.000239333,
35.0028,
0.00809081,
0.000472321,
0,
14.8079,
0.0166049,
15.0561,
35.9673,
35.8969,
1.58077,
25.9256,
20.4868,
20.0828,
11.5397,
0.000180593,
0,
1.39533,
0.00381685,
39.8282,
48.4405,
0,
63.7329,
124.532,
114.857,
161.598,
0.000290977,
0.000233714,
0.0241022,
0,
0.00243083,
0.121025,
0.000865041,
183.303,
8.54808,
73.5731,
7.33496,
31.1851,
0.0150424,
0.0169811,
26.045,
0.00165657,
0.00297243,
0.000609636,
1.18406,
0.00174726,
0.0894755,
19.6358,
347.297,
332.188,
0,
0.000281813,
0.00054343,
0.230508,
0.000422134,
4.8,
0.800614,
120.466,
23.3178,
109.436,
0.0766308,
0.0813883,
10.8529,
0,
0.000670136,
0.136542,
49.2163,
112,
37.0529,
174.614,
0.000491711,
0.0156408,
0.00554988,
0.021325,
0.00500901,
0.000428258,
0.00051693,
0.11049,
0.2989,
0.39199,
3.49779,
0.000215555,
3.99146,
285.225,
42.2175,
34.9484,
0.237996,
0.00316378,
0.0222608,
760.234,
0.000329311,
0,
0.000774914,
0.000380164,
0.00232473,
0.00247142,
0.15459,
0.0306695,
135.796,
0.095877,
0.125944,
137.292,
0.000524429,
0.065894,
0.000221647,
0.000221263,
0,
0.000233496,
0.000558486,
0.000187396,
0.000293574,
0.000286648,
0,
0,
39.9728,
0.000716763,
0.00647084,
0.0235832,
0.00795118,
0.00062279,
0.0524659,
0.000903003,
25.9077,
11.5057,
0.00270593,
0.00404044,
0.000144177,
1.92463,
1.87414,
0,
0,
0.000217366,
45.361,
0.000879719,
63.4839,
173.176,
0,
115.879,
162.384,
27.2317,
28.4393,
0.0853958,
0.120902,
0.039757,
0.00122773,
0,
5.90724,
0.00119331,
132.306,
170.23,
158.891,
72.7486,
169.069,
0.488354,
0.000205689,
0.000195019,
0,
0.00588823,
0,
0.00219419,
0,
0,
0,
0,
0.00110646,
5.23016,
0.000263179,
0,
0.00505068,
1.04999,
0.618677,
0.000697024,
1.59813,
0,
1.5082,
8.46241,
61.0608,
89.7441,
43.3968,
0.00282349,
0,
0.105083,
182.668,
0.0081221,
1441.58,
111.139,
0,
0,
0.000775265,
120.947,
0.048626,
146.805,
0,
118.606,
0.000317222,
164.333,
0.00245642,
0.00232507,
0.0242991,
0.959501,
0,
0.000256929,
38.4391,
0,
0.00040134,
0.000188704,
0,
0.00409514,
9.44791,
9.73358,
25.9076,
25.7813,
20.13,
20.4324,
1.86087,
36.0182,
1.76382,
11.5021,
1.24635,
1.60141,
44.1421,
0.00228912,
40.5305,
0,
0.000163963,
0.000170609,
0,
0.0848355,
0.154451,
0.0922549,
1.15227,
63.7826,
124.35,
99.1752,
0.000203006,
0.117584,
0.229433,
0.318554,
43.9597,
78.1667,
4.0139,
169.985,
35.5031,
0.0635987,
217.936,
0.105382,
183.863,
0.0011443,
0.10261,
0.027794,
0.218794,
0.036979,
1.01846,
0.000238136,
0.00588832,
0,
0.000703883,
0,
0.000268978,
0.920483,
340.407,
0.0819394,
376.212,
165.825,
0,
1.47595,
1.83995,
11.5628,
20.4472,
20.3994,
65.9387,
36.0551,
64.0648,
231.291,
0,
60.8233,
22.5051,
0.00212127,
0.000504549,
0.0327305,
0.000656232,
192.986,
108.95,
1335.66,
285.693,
0.155197,
0.0184276,
0.219264,
0,
0.00022311,
0.00245643,
0.00203688,
0.1543,
0.00184263,
0.177588,
0.000204731,
0.0091976,
0.0105112,
114.687,
121.929,
0.000317994,
0,
161.696,
178.514,
0.0232385,
0,
0.000447128,
35.6267,
0,
0,
0.000293343,
40.1666,
38.5483,
0.000292969,
47.1049,
0,
0.0092741,
0.000893847,
0.0692385,
0.00919665,
0.000746041,
0.0096372,
0.0035154,
14.6525,
0.0188849,
15.4498,
0.000932505,
44.7579,
44.0643,
0,
0,
0.000234666,
0.000437047,
0.000260465,
2.21848,
63.0838,
2.50339,
160.637,
0.0777571,
0.00217453,
0.524039,
0.0330172,
133.282,
170.126,
132.918,
73.9665,
34.3153,
0.0799707,
34.643,
0.00438603,
0,
0.000208141,
0.000365647,
0.00025082,
0,
0,
0.489624,
0.00829302,
0.000547927,
6.41292,
1.60516,
329.905,
1.79838,
275.912,
17.1829,
11.5411,
35.8693,
0.000259445,
1.44825,
1.20128,
129.869,
84.2488,
339.894,
25.8574,
12.064,
9.23711,
0.00136239,
0.00112071,
0.000225558,
0.014012,
0.00158945,
0.00504549,
0.00143559,
310.464,
0,
0.0340744,
0.00208318,
0.00933728,
53.9931,
1578.87,
150.462,
0.00312516,
0.00379343,
0.0551951,
0.246594,
0.0967801,
121.906,
137.296,
0,
37.9951,
0.00644819,
42.5135,
36.9112,
0.00029926,
0.000216215,
0.000220671,
0,
338.603,
0.000251661,
0.00150142,
0.0298466,
0.00380164,
84.4884,
65.2005,
84.0858,
65.3203,
25.7805,
20.4479,
20.13,
11.5408,
35.8548,
0.000235833,
0.000273432,
0.000286564,
351.105,
0.0173751,
0.07332,
0.0607805,
0.974282,
0,
193.73,
0,
8.58986,
184.557,
0.155089,
7.95116,
72.9401,
74.2057,
126.504,
0,
7.96684,
11.2014,
73.6037,
170.522,
341.395,
2.00011,
795.445,
0.00451373,
0.0436458,
0.970111,
140.42,
0.313829,
121.193,
0.000275562,
0,
0.000265096,
0.000201405,
0.000218165,
0,
0.000232325,
0,
0,
0.000273963,
532.934,
0.0264816,
0.00926859,
0.00136114,
1319.05,
588.604,
142.87,
1918.3,
307.13,
678.321,
25.9277,
0,
0.00225528,
0.00225312,
0.00282254,
371.944,
141.942,
0.326237,
0.0905372,
0.0796036,
0.102964,
0.00182271,
1871.24,
5.39282,
328.467,
0,
0.000678932,
0.00338521,
0.00312479,
0.00540969,
0.228035,
0.0407923,
136.208,
0.12456,
118.629,
0.000317222,
120.244,
0.00204936,
0.0295805,
30.6428,
35.9301,
0.000225051,
538.227,
0,
449.645,
0.000697636,
0,
648.095,
453.988,
0.00586569,
0.000488838,
0.000233858,
0.00369978,
9.4217,
9.73395,
25.8412,
11.5031,
11.5058,
1.15005,
0.000629914,
0.000684615,
0.000388318,
0,
0.000214897,
160.293,
27.4113,
27.4195,
0.000168215,
0.116149,
2.80648,
0.0439521,
0.236817,
0.250041,
42.851,
169.183,
136.424,
169.335,
130.332,
72.5733,
0.247954,
212.667,
159.923,
0,
0.0011421,
5.7048,
0.514294,
0.225643,
0.17559,
32.5738,
2.23643,
3.3957,
24.806,
8.71672,
0.00130685,
0.000181888,
1.06294,
0.990376,
0.000213443,
0.223097,
994.496,
934.631,
127.02,
0.00373429,
0.00926845,
7.15435,
881.469,
595.171,
157.931,
27.0703,
201.116,
13.9203,
0.104455,
1.16731,
150.136,
0,
0.0385752,
63.9434,
2066.78,
293.645,
0.0853547,
11.556,
11.5039,
20.4484,
20.3627,
14.8222,
83.7111,
15.0742,
0.00311837,
0.000886948,
0.00223582,
0.00463743,
0.00530258,
0.00692557,
0.126038,
0,
0,
0.000202478,
0.0026837,
0.00114463,
0.0100605,
0.00584018,
0.020399,
0.000279746,
128.695,
0,
0.0158601,
0.0407333,
0.0197688,
0.0239948,
0,
163.523,
36.3456,
0,
36.8785,
0,
0.267104,
0.463505,
784.644,
0.333132,
0.063436,
0.131015,
756.448,
551.394,
0,
0,
0.00978485,
0.00650249,
0.00332145,
0.00620068,
0.0333117,
14.962,
0.0165166,
15.1429,
1.26418,
0,
1020.42,
959.158,
50.0705,
0.000219296,
51.74,
2.22524,
35.8859,
3.17355,
0,
0,
0,
0.000411018,
0.000220635,
0,
0.000225351,
0.413872,
150.362,
140.846,
2.72685,
63.781,
1.92817,
0.000271049,
0.231941,
0.0601204,
0.00262255,
1.46112,
0.0966464,
43.2449,
170.282,
73.4731,
7.97026,
8.49722,
0.00105148,
133.108,
132.706,
23.8771,
73.5597,
1314.78,
8.5718,
53.0526,
0,
133.181,
137.193,
0.00875826,
73.6539,
15.8065,
0.0389981,
0.000351938,
0.000217068,
0,
0.000266646,
0,
0.513556,
0.309668,
0.233651,
0.251362,
146.72,
0,
0,
0.000367366,
17.1103,
0,
0.00140421,
0.00200161,
0.805289,
3.30653,
6.04088,
92.9158,
0.00258437,
0.00144397,
0.000452851,
0.000387172,
0,
190.029,
0,
204.115,
66.0798,
36.0555,
63.8951,
25.8547,
25.7548,
8.2977,
8.79049,
0.0102606,
0.00836065,
0.0108552,
0.00104487,
39.9404,
0.00158947,
54.2441,
0,
0.000610207,
0,
0.000209194,
0,
0.000235124,
0.32311,
0.0127148,
0.0930315,
0.0656589,
0.0675478,
0,
0.000426876,
0.000473052,
527.48,
768.52,
0,
728.741,
0.650735,
0.286298,
50.0185,
0.00302108,
40.0559,
0.0077343,
0.00415586,
25.8855,
20.4527,
20.0643,
123.476,
159.731,
139.926,
0.000223568,
64.5811,
0.0376797,
0.0750043,
0.582999,
194.649,
0.0735597,
265.875,
0.00210182,
594.298,
38.9204,
162.178,
121.379,
116.317,
0.0698232,
0.000290975,
0.0637084,
0.000346618,
0.000225046,
0.000221167,
0,
0.929834,
0.938264,
0.00020957,
0.000216248,
1.49964,
1.47633,
0,
2.09037,
11.5391,
11.488,
20.4957,
0.0393127,
0,
0,
0.0283923,
0.0175987,
134.313,
0.00123277,
0.0142277,
10.9379,
2.67215,
84.4827,
36.051,
1.44776,
0.00635251,
0.000443461,
0.000436952,
0.00436683,
210.802,
0,
92.8616,
0.000343869,
0.000305888,
0.000288156,
0.000291316,
0,
0.000243887,
0.020726,
130.021,
618.043,
0,
196.059,
0.110285,
960.68,
615.465,
0.000506464,
489.148,
0.244979,
9.42187,
25.8478,
9.56411,
11.5217,
11.5411,
1.08418,
0.4346,
542.18,
430.252,
0.000492969,
0.000299174,
0,
0,
159.869,
27.5966,
41.3192,
0.00339329,
0.105992,
0.0980661,
42.384,
0.166957,
0.0947114,
167.328,
0.000237015,
0.00026175,
0.000226673,
26.918,
163.881,
30.5757,
0.000221999,
0,
0.000184576,
0.000162466,
20.3597,
0.0117405,
0.0281651,
0.93075,
4.28596,
84.6475,
134.132,
33.4199,
14.8787,
84.6617,
15.0304,
0.000208326,
0.00088635,
0.00154278,
0.0107161,
42.2047,
40.1036,
0.000216885,
0,
0.000655355,
0.000306952,
0,
0.000292739,
0.000257726,
0.000398945,
0,
0.000316514,
0,
0,
0,
0.00061656,
0,
0,
0.00526896,
46.6324,
51.5198,
0.00101293,
589.9,
672.137,
0.286214,
0,
0.000248555,
0,
0.00358683,
40.8633,
0.00110163,
35.2467,
0.00769909,
0.000905975,
0.00286851,
0.00925453,
0.00932359,
0.00267799,
0.00670858,
0.00567166,
0.00762334,
38.8046,
38.124,
0,
951.548,
541.266,
0.633983,
0,
0,
0.000424794,
0,
0.000218619,
0.000437204,
0.000233336,
63.6548,
123.681,
116.349,
159.833,
0.231322,
166.87,
141.072,
159.71,
27.6036,
27.4358,
0.000168218,
0.113886,
0.881087,
0.0397731,
0.0592943,
43.2602,
58.1253,
199.565,
63.7771,
3.6354,
3.08878,
149.116,
0.386987,
148.673,
0,
0.000308551,
1.55807,
0,
1.53671,
11.5405,
11.5017,
20.4647,
20.4149,
35.8372,
36.0929,
64.8493,
25.8612,
25.8794,
8.3386,
0.000290976,
0.000320759,
0.0169137,
0.0343593,
193.628,
0,
265.876,
8.77106,
0.000221033,
0.00281914,
0.0127087,
0.157157,
52.9161,
0.0095771,
38.1032,
0.00151813,
0.000865388,
0,
0,
0.000230579,
0.000382186,
0.00138393,
0,
858.03,
0.0075969,
0,
0.00358759,
0,
46.569,
0.000584935,
51.5365,
0,
0,
0,
0,
0,
0,
0.00517908,
0.00920554,
0.00524732,
0.0004386,
14.8955,
0.0139194,
14.8332,
25.8292,
20.4233,
20.0916,
0,
0,
0,
0,
0.000220853,
0,
2.62303,
63.9474,
2.52777,
0,
0.414183,
0.0405126,
0.0789064,
0.978323,
73.1422,
7.95391,
72.8291,
132.038,
8.52163,
0,
0,
64.5157,
0.000233715,
0.000264323,
0,
0,
0.000171356,
0.936967,
1.00621,
0,
35.9945,
35.8728,
64.8931,
25.6871,
25.8231,
9.34128,
0.000810271,
0.124624,
8.08843,
73.239,
7.44202,
0.0010551,
65.7348,
84.1294,
0.000352394,
0.00239575,
0.00869475,
0,
0.000325848,
0,
383.32,
0,
0.00118083,
640.637,
0,
0,
441.89,
0,
0,
434.259,
0.000352921,
0.00031971,
401.41,
750.548,
0.000588209,
655.01,
0,
762.693,
480.643,
0.13916,
0,
0,
0.000210484,
0,
0,
0,
0.000150654,
0.00400567,
11.4857,
1.11571,
1.12273,
84.5176,
65.3029,
84.2941,
65.4566,
65.1342,
11.5721,
0,
0.000852921,
0,
0,
0.000223403,
0.000363064,
0,
0.000231312,
1.55035,
0.000272165,
0,
0.000225632,
123.312,
160.462,
116.043,
27.412,
0.073723,
28.4391,
0.0606478,
0,
0.714966,
0.112377,
43.33,
42.2409,
0,
169.827,
169.761,
133.055,
197.945,
0.0911961,
167.324,
161.604,
122.335,
115.699,
0.00019638,
0,
0.000196717,
0,
1.5425,
0,
2.14812,
65.492,
0.120309,
0.0867297,
0.0402864,
0.235401,
0.327988,
47.6892,
72.4901,
131.887,
131.49,
14.8969,
84.7403,
14.9244,
0.00553548,
0.000352895,
0.00458935,
0.124998,
0.000238904,
0,
326.01,
0.000447744,
0,
214.268,
36.2954,
0.000655744,
44.4407,
0.00490496,
45.5777,
42.7111,
503.383,
644.262,
963.908,
0.0166541,
0.0553151,
0.0318032,
590.507,
0.0193613,
0,
0.0201205,
0.00141626,
0.0648264,
0.000418496,
0,
34.1475,
0.00618379,
0.0119001,
0.00377205,
0.00267617,
0.00701607,
39.1707,
36.3997,
0.00476378,
0.00796262,
0.00170614,
0.00106631,
0.0111834,
0.0115731,
9.45431,
9.48687,
25.9213,
83.7929,
0.678566,
556.036,
417.063,
0,
0,
0,
0,
63.7994,
0.179958,
151.181,
134.131,
160.712,
0.0967849,
133.747,
73.1115,
72.9011,
132.636,
8.50646,
169.705,
170.119,
134.162,
72.8816,
169.7,
7.95716,
0.00105151,
0,
0.000206681,
0,
0,
0.117786,
27.2289,
0.155366,
0,
162.45,
0.24363,
0,
0,
1.3695,
0.000181349,
2.85514,
0,
1.62728,
11.5323,
11.489,
20.115,
20.4054,
12.0856,
25.9295,
14.7733,
83.7166,
8.76895,
0.00284252,
0.0101781,
0.00570698,
0.00133961,
0.000433771,
0,
0.289952,
0.622924,
0.277412,
0,
613.813,
601.503,
0.322354,
0.000606053,
0.000357584,
0.0210505,
0.0552258,
565.521,
687.664,
0.000174902,
0,
26.3647,
0.000654148,
0.000199008,
0.00017326,
40.8394,
0,
33.1974,
0.00509567,
0.000625222,
0.00304798,
0.00951096,
14.6582,
0.00401292,
14.8557,
35.8731,
66.0427,
36.0167,
64.8528,
0.00124121,
920.488,
0.311264,
0.000215361,
1.46746,
1.5423,
0.000218601,
0,
0,
2.61963,
64.2358,
2.30991,
0.0602935,
0.166359,
0.0497189,
170.344,
0,
64.3726,
63.8652,
1.49505,
0.000221803,
1.06958,
1.25426,
0,
0,
0.000214782,
11.5177,
20.4129,
20.1462,
36.1267,
36.068,
65.1041,
25.8634,
15.0145,
84.8033,
14.9276,
0.00217067,
0.000218479,
0.00481505,
0.00352775,
0.000258029,
0.000697031,
0.000241654,
40.3483,
0.00435627,
42.9603,
0.000933931,
730.227,
571.867,
0.607318,
0.000760802,
760.458,
0,
748.887,
46.497,
0,
35.712,
37.0745,
0,
42.7195,
0.000663907,
0,
0,
0.000877137,
0.0163882,
34.3442,
34.9853,
0.000208428,
0.000189261,
0.000184685,
0,
0.000173254,
29.9918,
38.3571,
0,
0,
0.000212128,
25.7562,
20.4853,
19.9369,
84.5346,
84.2016,
36.0655,
572.373,
0.000227979,
1.10745,
0,
1.44768,
0,
0.000221556,
0.000209412,
0.000422182,
0,
63.9114,
122.781,
0.243522,
0.233779,
42.4764,
199.377,
0.0310722,
178.39,
72.8548,
7.94846,
8.49505,
0.00105333,
1.39018,
0.000212244,
1.57989,
0.00028903,
11.517,
0,
0.000198237,
0.00021979,
0.00279395,
0.0114757,
0.0452023,
0.0060001,
169.219,
43.5835,
168.894,
0.0097948,
0.00230972,
47.5715,
55.7296,
0.00148468,
0,
0.531751,
594.067,
472.557,
0,
0,
0.000190739,
0.000192595,
0.437784,
0.000957619,
0.0202375,
0.0142644,
0.000606138,
34.7943,
0.00116947,
0.000584921,
0,
0.00348,
0.011871,
0.0255136,
0.00352896,
0.000190694,
36.3857,
47.7686,
0.0183352,
0.00557856,
0.00020474,
0.000204705,
0.0231874,
14.8004,
0.000425406,
14.5277,
0.000749577,
0.00958899,
9.42514,
9.44319,
11.4609,
11.5826,
0,
0.000406213,
1.00048,
0.000201249,
0,
0,
0,
2.17859,
43.1395,
133.187,
73.4456,
131.611,
170.548,
0.00210768,
0.000506084,
35.792,
35.9178,
65.3064,
0,
0,
0.000153717,
0,
0.000191776,
65.7844,
25.8155,
25.8906,
8.60173,
65.3623,
12.1222,
0.00177077,
0.000443501,
0.000672216,
0.140881,
201.69,
0,
0.0666276,
0.265928,
133.844,
171.336,
72.5822,
0.00143283,
0.00313436,
0.0438657,
0,
0,
626.442,
0.0552526,
721.153,
0.000769029,
0,
0,
947.491,
1008.81,
0.636483,
840.567,
0,
619.806,
0,
0,
0.0166783,
0.00017374,
0,
30.1244,
0,
0.000291058,
382.945,
0.010115,
44.8826,
54.2234,
0.000606502,
0.00656232,
25.9129,
0,
1.6316,
1.87241,
1.1171,
0.000218598,
0,
0,
0,
0.000189951,
7.95775,
35.97,
36.0472,
65.4666,
0.000330977,
1.46395,
1.81143,
11.5167,
11.5147,
20.0945,
20.4346,
0,
0,
1.26869,
84.3879,
0.000633205,
55.2914,
40.1474,
0,
0,
0.199775,
0,
0.000243645,
0.000219687,
0.376063,
656.935,
642.662,
0.000407167,
0,
0,
0,
0,
0.00021708,
0,
0.63117,
46.5046,
30.0997,
0.00965889,
37.6747,
46.5134,
0,
596.246,
0,
397.661,
0.000198812,
30.1291,
34.3498,
0,
448.292,
384.96,
0.000312204,
50.0211,
0.00471199,
42.9138,
0.00556683,
9.45992,
9.38049,
35.959,
35.9603,
64.7465,
0.00031493,
1.11215,
0,
1.1969,
1.4096,
1.85824,
0.000475431,
1.78043,
65.5313,
25.9481,
25.7971,
9.49711,
0.000212256,
84.4464,
84.4271,
13.2844,
9.42502,
14.9135,
0.0122693,
0.0101817,
0.125529,
0.0545877,
0.00237766,
44.9198,
0.00595083,
46.0435,
0.000260847,
0,
0.0123175,
676.335,
0.3194,
0,
0.00117522,
0,
931.807,
0.000303056,
0.0185971,
0.00146297,
0.635652,
0.648133,
486.415,
0,
0,
0.0105442,
37.7021,
0.29292,
0.423966,
802.107,
0,
541.981,
459.65,
0,
51.7037,
49.1777,
0.00789279,
0.00687323,
0.0137952,
0.00702807,
0.000803194,
0.0321587,
14.8969,
0.0113541,
14.3789,
0.00646412,
25.8514,
25.7318,
24.1984,
20.574,
65.6878,
0.00038663,
2.3623,
3.22597,
0,
65.3322,
35.9244,
65.3539,
20.4689,
11.4983,
20.0645,
0.000265043,
14.8046,
83.9446,
14.8579,
0.00986125,
0.0504299,
0.288379,
0.00476044,
0.00834895,
0.0231965,
0,
0.000224629,
0.000448281,
0.00181271,
54.9977,
38.5031,
0.00500939,
0.000303041,
0.000980279,
0.000303031,
0.0114671,
0.000214877,
0.0256757,
0,
0.00021485,
37.9949,
0.00025263,
0.000423441,
0.000219641,
0,
525.965,
0.28183,
503.046,
0.000343312,
0,
780.172,
0,
0.156005,
759.921,
578.454,
0.000609951,
0.0612222,
0,
0,
0.000397986,
0.00027565,
0.000252271,
0.000401353,
0.00923194,
0.0287105,
0.00100307,
0.00125898,
11.496,
84.6946,
84.3558,
11.2932,
35.9918,
65.9857,
65.5342,
35.8804,
11.5421,
11.4838,
20.1878,
11.5454,
36.1288,
25.8899,
25.7563,
9.46047,
84.4462,
9.45125,
1.29653,
35.9935,
2.32208,
35.9252,
65.6693,
0.00679607,
0.00115789,
0,
0,
0.000220046,
0.0151015,
0.000805708,
0.260101,
0.0015278,
0.000606051,
0.0188837,
0,
0.0112717,
0,
0.000747893,
620.999,
0.0529561,
572.068,
0.000515869,
0.289207,
674.501,
333.353,
0,
0.000412882,
651.05,
441.352,
49.427,
0.00618944,
53.519,
0.0012886,
9.47254,
9.37288,
25.6888,
20.363,
11.5153,
20.3998,
19.9991,
84.2196,
84.5598,
14.5914,
14.8329,
11.548,
0.00130026,
0.00742596,
0.0208197,
0.000192716,
0.00274689,
0.0051711,
0.00947972,
0.00114286,
0.000214877,
0,
0,
0.00999556,
47.2289,
0.0694291,
34.423,
0.0349429,
0,
0.0640885,
613.058,
572.068,
0,
0.00644843,
46.6253,
51.8195,
0.000596881,
0.283301,
0.000294095,
0.000785906,
0,
0,
0.000210901,
0.000191212,
0.00862578,
53.5512,
59.9779,
0.000187408,
0.00592871,
0.0322269,
0.00161189,
0,
0.0321161,
14.9239,
0.00883663,
14.5585,
0.00794199,
25.7596,
83.5864,
84.4035,
65.1824,
20.3774,
25.9158,
25.8086,
9.39567,
14.8102,
84.1167,
9.42607,
0.00320993,
0.00982952,
25.8618,
65.2528,
0.000371863,
0,
0,
0.000223397,
0.000281452,
0.0293336,
0,
0,
46.7803,
51.6047,
0.0011719,
0.386754,
599.734,
464.776,
0,
0.000312772,
0.00423657,
0.0124223,
0.0313699,
0.000814679,
0.00589321,
84.3321,
0.00681632,
0.00705412,
0.00187731,
0.0246265,
0.00580552,
84.3864,
0.000217098,
0.000211476,
0.0179087,
0.00500804,
0.00626275,
0.00216202,
53.2106,
50.7113,
0.000303058,
0.00049013,
0.0098944,
0.000429702,
0.000215272,
0.000196777,
0,
44.9833,
0.00504228,
54.1379,
750.836,
0.096805,
555.66,
0,
0.00101592,
0,
0.000307415,
0.000231503,
0,
49.7598,
34.5305,
0.000197273,
0.000231188,
0,
0.00113079,
0.00277995,
9.43662,
0.00124055,
0.001226,
0,
0.0178373,
0,
0.00021871,
0,
0,
436.24,
0.00872822,
0,
0.000301528,
273.214,
0.000614995,
0,
524.222,
0,
0.295053,
762.968,
542.518,
0,
0.016426,
46.1323,
42.0334,
0.000475878,
483.941,
0.657398,
418.346,
0,
0,
0,
0.000231029,
54.0152,
0.000233344,
43.0102,
0.00553961,
0.004341,
0.000181763,
0.000620967,
0.00165923,
0.00612016,
0.00172665,
39.8575,
49.8818,
0.000303029,
0.011712,
0.00278236,
0.000730417,
0.000920005,
0,
505.884,
545.632,
0.2115,
0,
0.000267201,
0,
0.00023433,
0,
0.000216556,
0,
0,
0.000196526,
0.000198354,
0.00021043,
0.000388509,
0,
39.8836,
0.0147117,
0.000303042,
0.0110457,
0.000578133,
0,
0.000218313,
314.783,
0.0348213,
584.502,
0.053847,
0.000326395,
555.813,
0.00116196,
480.37,
0.174158,
59.8782,
0.0130398,
0.000313535,
755.344,
0,
882.787,
0.28106,
0.413492,
0,
0,
34.191,
567.665,
0.000285759,
0,
40.2314,
0.000227334,
0.000213528,
35.5605,
0,
0.000607299,
575.226,
0,
781.432,
0.654236,
46.3247,
0.000879662,
0,
36.0881,
0.0278929,
44.7037,
0.00020799,
0,
0.000229169,
37.2274,
0,
0,
39.1113,
47.967,
0,
0.000334675,
595.06,
463.979,
639.099,
0,
543.133,
0,
697.47,
726.887,
0.26344,
837.561,
0,
355.011,
0.346051,
0.0017609,
0.00176317,
40.1414,
0,
0,
0.00034718,
33.2818,
0,
42.0264,
0.000301274,
0.000587381,
0,
0.290627,
0.43171,
0.000303031,
0.00243999,
321.363,
0.00882328,
0.00113227,
655.864,
703.057,
0.650828,
0.00124792,
0.00132054,
0.0320809,
327.585,
0.00738021,
0.00036644,
0,
43.0551,
33.1356,
0,
34.6551,
0.000288615,
499.925,
407.35,
0,
39.7064,
0.000587964,
0.000599731,
776.838,
568.613,
0.770377,
736.218,
0,
583.057,
0.0103042,
0.000320314,
0.0915273,
0.313468,
0.00294668,
46.8299,
45.3372,
50.6683,
0.000588457,
0.000480403,
0.0287302,
657.978,
566.259,
0,
0,
0.000524266,
46.489,
0,
625.433,
633.877,
0.0469117,
84.5959,
2.20088,
2.93949,
3.90856,
0.00527717,
0.0185024,
0.0235182,
108.889,
193.103,
1338,
134.556,
170.561,
137.881,
169.144,
84.7143,
65.6259,
43.3158,
168.731,
42.9185,
43.2404,
0.001173,
0.782471,
0.190798,
0.000812302,
546.502,
0,
36.0619,
5.4761,
56.9554,
0.73733,
534.374,
1868.03,
1577.04,
285.484,
0.240876,
0.000612024,
0.195807,
0.00145783,
0,
208.22,
0.0181381,
1.09402,
0.960462,
0,
2.94574,
0.334422,
3.83696,
3.89205,
3.89161,
0.0551987,
231.562,
161.811,
677.869,
0.190052,
0.210369,
73.5638,
830.367,
776.991,
676.407,
0.0144091,
47.5398,
0.072275,
360.765,
2227.72,
2.37868,
0,
0.000330816,
1.92709,
0.000219763,
2231.06,
117.86,
297.489,
1272.96,
124.97,
0,
0,
1.63814,
35.9016,
36.059,
0,
0,
0,
0,
0.00021862,
653.318,
3.34315,
0.217264,
0,
0.000611992,
0.100469,
0.105132,
0.195187,
2.69192,
0.0127452,
176.412,
2057.48,
584.676,
0.000839062,
1.09023,
0.132466,
4.20656,
7.7973,
0.00148167,
