108.53,
44.8689,
45.9467,
114.345,
84.2134,
81.1255,
209.181,
24.3407,
128.826,
228.103,
33.4633,
78.0371,
44.6718,
83.326,
0.00256698,
102.762,
211.517,
44.1976,
99.2965,
44.2075,
97.7705,
81.7025,
209.139,
33.4747,
121.445,
0.00114357,
74.1546,
82.7248,
83.2057,
8.61986,
88.3251,
0.0216146,
6.30525,
0.0189111,
6.19897e-05,
0.000635168,
0.0222067,
76.3414,
63.7225,
43.5056,
14.3859,
14.4543,
81.1767,
0.0108625,
74.1525,
73.129,
7.61239e-05,
43.7474,
73.5044,
75.5027,
0.0247747,
8.61315,
83.2,
0.00115271,
103.828,
14.4297,
0.0182857,
85.376,
79.7269,
0.0141346,
0.0224323,
7.47501,
41.3553,
0.0277002,
0.0238087,
0.00178823,
0.00087353,
70.6787,
59.2365,
75.0165,
43.5616,
58.3806,
78.5291,
8.22571,
82.0624,
94.9288,
14.8073,
117.235,
1.71244e-05,
0.00941254,
71.6643,
68.0037,
0.015471,
0.00118711,
0.0178824,
0.00216768,
14.4402,
96.5165,
0.00166988,
69.0615,
44.1196,
6.49164,
0.00126687,
0.0175221,
59.2472,
48.6136,
0.00202674,
38.1091,
66.9867,
0.0159977,
71.9682,
69.0324,
44.9571,
54.0046,
95.7959,
0.00227778,
91.0966,
0.0023438,
0.0151666,
66.5619,
64.1553,
0.000218019,
77.7024,
72.9936,
0.0106693,
6.62995,
7.61155,
50.8245,
0.0192443,
0.0205154,
66.2942,
0.000735939,
63.1512,
0.0119765,
72.1057,
0.0181726,
53.3229,
6.6094,
67.4277,
81.1909,
14.2436,
14.2149,
14.3083,
73.0696,
13.3303,
83.0013,
43.3993,
67.973,
43.7001,
55.4281,
88.8142,
19.515,
92.2284,
60.6973,
84.4833,
43.341,
0.0193948,
0.0275317,
2.47846,
4.08074,
45.9076,
71.7087,
60.6493,
0.0164182,
0.00196346,
0.0221533,
0.00216491,
14.3019,
14.6364,
13.6272,
14.7824,
12.3862,
12.4176,
12.0623,
71.6569,
44.1129,
72.4702,
31.9971,
6.06514,
36.8194,
178.218,
72.0793,
0.016675,
73.902,
90.8417,
0.019442,
86.5993,
0.0198422,
15.4024,
16.275,
0.000318289,
9.06514,
0.000747214,
56.4419,
60.0332,
0.0021321,
66.1706,
13.0917,
71.0611,
0.0148694,
71.3041,
67.3187,
0.00788485,
4.00764,
0.0162114,
0,
0.00131004,
0.0163992,
0.00333861,
4.36234,
0.0179835,
66.0522,
44.7429,
71.364,
61.6704,
0.0133554,
54.878,
56.0306,
0.00211599,
64.5537,
64.5392,
1.33746,
62.9055,
0.00128665,
68.6713,
66.0897,
0.00936588,
14.3332,
12.3871,
13.3284,
49.8122,
65.6276,
55.045,
105.811,
14.2147,
14.6373,
56.6266,
81.0894,
14.2431,
88.2104,
12.3468,
0.0398504,
69.2737,
0.0271089,
0,
0.0201822,
27.703,
0.0246919,
68.2488,
68.8862,
41.2735,
5.97712,
205.741,
0.0019044,
0.000319279,
0.000813486,
0.0132101,
0.0142474,
0.0428787,
12.3225,
12.3461,
12.3389,
77.8032,
0.00119469,
24.3207,
89.257,
67.2476,
9.63616,
79.0256,
0.000160176,
76.1628,
0.000247201,
75.4707,
86.3591,
0.0025592,
72.7241,
0.00141481,
318.398,
273.139,
78.5882,
0.0140847,
58.2614,
40.8851,
66.3918,
6.61128,
81.8524,
0.00176628,
0.0140223,
65.8682,
54.0185,
0.0112616,
14.4628,
14.4604,
11.5307,
12.3222,
12.3464,
73.8056,
24.1349,
14.3309,
25.988,
11.2429,
21.9424,
98.1727,
152.044,
80.8881,
0.000312528,
53.1624,
0.0169274,
0.00171581,
0,
0.0187742,
31.2567,
37.0545,
33.7862,
99.6073,
0.0206175,
19.9198,
16.1985,
86.767,
0.0212034,
9.08516e-05,
13.8354,
72.1065,
0.00308908,
56.9847,
73.7791,
0.0167814,
68.4802,
86.2107,
12.3376,
14.719,
0.0247691,
69.7139,
98.6926,
55.2571,
14.4585,
0.0187024,
62.5767,
37.1206,
0.00066298,
12.2952,
10.7658,
86.687,
87.0679,
88.3077,
31.3722,
106.77,
5.99005,
69.1723,
12.3421,
12.3451,
12.0747,
12.3382,
161.751,
85.8198,
62.6216,
356.346,
208.902,
76.8541,
146.501,
31.531,
84.3817,
75.4376,
9.55188,
14.7223,
11.5305,
66.0856,
0.00202103,
20.4961,
227.322,
13.6599,
101.908,
18.4644,
35.9571,
0.00369981,
4.83031,
4.83329,
16.9805,
7.42175,
16.5221,
0.000802655,
0.0165246,
76.1867,
0.0149133,
62.419,
0.0195298,
61.7268,
105.327,
100.622,
98.8377,
8.41272,
0.0027197,
22.5899,
0.0166984,
0.014769,
0.0167452,
12.2247,
14.6297,
12.3406,
65.7896,
0.0175768,
109.138,
0.0248767,
0.0141744,
0.00194913,
7.26899e-05,
9.20535,
74.2303,
0.00132971,
47.653,
51.373,
0.0805977,
47.7414,
253.945,
0.695367,
40.7557,
34.6262,
17.919,
0.00188535,
14.281,
34.8444,
76.15,
0.0172926,
8.63583,
8.61596,
8.66458,
0.00113984,
0.01827,
76.1629,
75.4694,
0.000885589,
94.6244,
52.2927,
62.3519,
93.5231,
0.00128619,
59.8688,
45.4486,
12.5674,
14.3306,
29.6139,
17.3309,
5.48681,
0.0230612,
88.2975,
10.0682,
14.6275,
8.55076,
9.7507,
0.00103207,
13.0597,
0.055453,
0.00173718,
13.1699,
60.6904,
71.4077,
76.8211,
253.925,
4.97741,
9.0644,
7.18566,
8.25795,
0.00309787,
4.8323,
4.83025,
56.5894,
0.00131627,
57.5372,
0.00201583,
0.00113604,
0.0236576,
31.1673,
34.0825,
33.5768,
101.892,
96.0399,
23.819,
66.8184,
0.00228286,
87.7751,
34.0165,
24.7119,
14.38,
24.7021,
90.568,
134.223,
0.0238739,
78.0621,
44.9522,
103.493,
105.561,
79.1587,
102.245,
0.1051,
9.23952,
12.304,
7.75365,
25.0826,
25.3215,
20.0268,
9.87276,
13.7422,
8.63519,
8.63061,
8.63349,
7.19897,
8.74462,
25.6631,
17.6545,
7.61961,
16.5761,
76.1485,
0.0028333,
76.1883,
0.0162925,
62.4196,
0.0192061,
61.7272,
96.7171,
92.5149,
96.1172,
35.2975,
0.0015657,
0.00163005,
14.9341,
6.4707,
0.0520093,
96.9516,
0.0402446,
86.6023,
85.357,
12.227,
74.8806,
171.844,
205.247,
107.769,
205.219,
166.524,
102.965,
43.5094,
43.7519,
43.5916,
103.093,
0.0129935,
9.15561,
12.7084,
31.1647,
31.1917,
33.135,
11.2639,
0.000753541,
24.0855,
31.1941,
7.4223,
7.73127,
7.4324,
0.0168418,
8.63362,
0.0142703,
0.00101152,
76.1626,
75.4661,
0.000678671,
95.5281,
34.8823,
123.635,
71.8649,
2.3368,
19.216,
3.01211,
0.0161444,
73.8539,
0.00256512,
65.7947,
101.499,
14.1309,
286.809,
128.034,
21.7284,
140.872,
184.137,
160.807,
44.1354,
67.1587,
44.1059,
25.4555,
227.372,
356.399,
81.1168,
54.21,
90.2085,
104.404,
208.906,
58.6238,
114.963,
15.8519,
72.2477,
26.6642,
147.339,
29.9933,
41.4183,
29.1404,
31.7855,
32.5861,
35.3946,
31.2629,
32.4243,
31.3753,
94.6443,
100.575,
98.7645,
0.000470662,
92.5356,
7.19248,
7.20055,
7.13666,
8.63181,
8.63359,
8.62746,
7.18045,
8.69342,
9.50159,
9.27611,
0.00172038,
4.83314,
4.83249,
56.5886,
0.000303519,
57.5395,
0.0173043,
0.0168607,
0.00190117,
93.7518,
95.9552,
29.0523,
0.0158153,
18.6997,
38.1056,
67.5457,
0.00291739,
0.0321547,
158.966,
19.0313,
71.6794,
96.287,
0,
114.464,
95.212,
45.0457,
45.727,
114.727,
184.135,
130.381,
44.9466,
0.000955086,
10.7101,
33.9286,
96.7744,
105.592,
153.587,
109.882,
33.9929,
8.62527,
7.19458,
7.18132,
7.19606,
14.3843,
28.041,
16.0125,
7.29541,
15.4216,
76.1501,
0.00278353,
76.1831,
0.0169627,
8.63584,
8.63206,
8.6308,
7.19835,
62.4192,
0.0204248,
61.7283,
34.9067,
0,
0.0163521,
59.6131,
105.251,
49.2789,
119.354,
776.838,
52.6826,
59.3894,
82.1449,
81.888,
229.99,
5.87323,
145.004,
145.018,
114.462,
127.075,
0.00959634,
45.8828,
82.5137,
111.263,
93.4466,
0.000751441,
15.1697,
13.2898,
5.15073e-05,
0.449813,
11.1098,
15.7059,
34.5473,
35.2091,
13.432,
105.308,
34.9873,
25.5766,
0.00144051,
23.4887,
7.20182,
7.19796,
7.2279,
8.63123,
8.62702,
8.62542,
7.21135,
0.000527605,
0.000526369,
0.0183543,
76.1618,
75.4702,
0.0166401,
78.9,
0.297313,
10.693,
9.87751,
689.518,
683.993,
377.6,
57.7139,
205.921,
448.927,
0.0175472,
0.0166353,
10.7588,
44.8839,
107.562,
81.0323,
7.34246,
0.0169893,
0.0017497,
10.8519,
34.7883,
96.1235,
102.118,
24.6861,
93.7798,
86.278,
86.2759,
23.0544,
127.46,
98.3266,
21.6004,
24.363,
8.63375,
8.63475,
8.62913,
7.19393,
7.198,
7.19534,
8.63395,
7.18188,
7.19571,
7.13564,
7.20028,
8.63521,
7.19934,
56.5889,
57.5364,
0.0138484,
0.017313,
0.0165943,
0.0167986,
66.257,
36.5251,
77.948,
17.2511,
28.7579,
12.432,
59.3363,
22.9093,
44.7821,
128.588,
81.2022,
18.0152,
94.4484,
44.1136,
70.4922,
8.50073,
12.2953,
0.0232407,
1.42569,
11.6178,
0.00102836,
22.322,
29.3431,
29.1319,
17.2688,
32.6516,
17.9738,
20.9095,
22.3795,
25.8462,
24.362,
86.2784,
38.2068,
8.6293,
8.65467,
8.71999,
8.63464,
8.6332,
8.62939,
7.20067,
7.19173,
7.1947,
7.18034,
8.63619,
0,
76.1494,
76.1876,
0.00244799,
4.83047,
4.83303,
8.6336,
8.634,
8.63199,
62.4188,
0.0189741,
61.7273,
4.19557,
4.1929,
4.16286,
4.20446,
7.13561,
7.13681,
17.2503,
4.41665,
9.10982,
8.16956,
28.7649,
51.4109,
200.457,
151.868,
44.0714,
0.014284,
53.7857,
53.3699,
43.361,
75.8846,
66.5703,
0.00127081,
0.0226534,
93.4389,
75.4037,
0.0111308,
11.9894,
12.624,
7.22747,
28.7736,
28.7619,
24.3607,
9.39535,
17.5553,
10.6042,
0.0014716,
0.0161634,
0.0161674,
4.13006,
7.42549,
3.05842,
8.58107,
8.63745,
7.18085,
7.18303,
7.43337,
7.19391,
7.19908,
7.19605,
8.62999,
8.62794,
8.62694,
0.00331002,
0.0162693,
8.63587,
7.1936,
7.19681,
7.13956,
0.0011415,
0.00073032,
76.1628,
75.4698,
0.00182273,
85.1731,
3.65394,
59.7261,
0.020235,
22.7761,
7.44514,
0.0245882,
98.5598,
90.1398,
29.3407,
23.8738,
61.7243,
124.103,
98.3417,
153.558,
253.098,
9.3345,
28.7591,
8.50638,
17.2515,
7.18521,
7.20396,
7.1934,
7.17992,
7.13792,
8.62995,
7.18087,
8.63164,
7.18149,
7.16339,
0.00316079,
4.83233,
4.8344,
56.5887,
0.00117637,
57.5394,
0.0164942,
0.00111238,
0.00143503,
4.00075e-05,
4.21969,
4.2087,
4.19242,
4.19744,
3.83952,
3.81624,
4.89783,
4.20482,
4.21312,
4.18011,
43.4202,
125.359,
84.7169,
17.7802,
0.314573,
15.751,
25.2695,
82.9942,
43.7011,
0.0168089,
0.0016974,
0.879757,
28.7616,
22.7393,
29.1387,
26.5103,
33.0281,
75.874,
62.3356,
15.6103,
88.617,
14.1853,
17.2514,
17.2515,
8.47735,
7.13558,
0.0171214,
4.91652,
0.0196014,
6.06471,
98.551,
0.000932618,
18.8089,
8.69349,
8.61692,
8.61706,
4.91652,
3.14167,
7.19881,
3.06791,
7.20001,
7.19291,
7.18171,
7.13593,
8.6339,
8.62912,
8.63004,
7.19826,
7.1955,
7.19455,
7.17952,
0.000596757,
76.1491,
76.1868,
8.63522,
8.63063,
8.73898,
7.2005,
8.63723,
62.4172,
0.00260041,
61.7294,
3.83984,
3.83075,
5.02909,
3.909,
4.23633,
5.60942,
76.6986,
36.7867,
0.00128842,
56.7903,
56.2751,
17.7503,
0.00164524,
0.025946,
67.3827,
60.1039,
9.67892,
20.9078,
9.38062,
18.1243,
42.3647,
485.147,
342.785,
29.1405,
19.1698,
726.569,
19.3588,
3.8277,
10.595,
7.13699,
10.413,
0.000717747,
0.00104579,
0.0165384,
1.56552,
0.0011311,
0.0169724,
0.00153916,
306.02,
183.037,
37.4636,
4.27377,
4.91649,
8.61711,
8.61716,
4.91656,
3.2397,
7.19948,
3.25904,
7.20013,
7.18237,
7.19384,
7.19389,
8.63325,
7.19809,
0.00246802,
0.00183165,
7.19278,
7.20035,
7.08241,
0.0010449,
0.0180044,
76.1628,
74.959,
0.00181016,
3.88218,
0.00015646,
11.6703,
4.20613,
4.21591,
4.21403,
3.85566,
3.82242,
3.88387,
4.20894,
4.20729,
4.21757,
0.0149803,
4.96779,
84.4318,
127.111,
1.42405,
0.0150719,
3.15826e-05,
0.000101143,
70.5988,
24.2607,
21.5486,
26.8562,
149.314,
324.433,
143.458,
29.3442,
22.7404,
163.93,
327.133,
24.4711,
28.3002,
17.5539,
4.18727,
10.3576,
0.016458,
100.928,
0.0196507,
4.91657,
8.61708,
8.61701,
4.9165,
3.25925,
7.20004,
3.39271,
7.19804,
7.19569,
7.22067,
0.000211548,
5.28013,
18.894,
8.97919,
8.65023,
26.0151,
56.5881,
0.000720342,
59.1609,
0.0233574,
0.000128662,
0.0001767,
78.4994,
24.4097,
68.7196,
4.20953,
3.84061,
4.22828,
4.16691,
3.89795,
12.3004,
0.0156505,
0.000907866,
0.021322,
1.14909,
85.675,
69.692,
2.81778,
0.00117293,
4.11147,
16.2028,
789.992,
61.264,
217.18,
22.7852,
24.4809,
86.3066,
197.131,
661.89,
0.000637363,
217.065,
266.521,
57.9196,
59.3531,
14.1993,
0.000621449,
0.000789773,
0.000957237,
0.0201937,
4.91659,
7.20081,
7.19254,
7.13609,
7.18202,
7.19408,
7.20432,
6.46433,
0.00132291,
76.151,
114.095,
7.17177,
27.5143,
62.4192,
0.00304948,
71.0321,
4.21536,
4.20738,
4.22824,
4.22569,
8.71066,
17.0302,
16.8207,
0.0156398,
57.2026,
56.264,
0.000215548,
0.0144752,
4.99679,
31.676,
67.4395,
80.98,
217.621,
726.501,
0.0301848,
28.7401,
16.8447,
15.3296,
18.0086,
4.23178,
18.0623,
309.635,
104.473,
74.2038,
0.000792496,
0.0150972,
0.0148011,
0,
55.092,
34.8099,
21.9288,
0.00103818,
86.944,
43.6081,
35.056,
0.0196647,
0.000868056,
0.0020287,
0.0147258,
0.000644063,
7.18284,
8.63475,
8.62939,
8.40369,
8.61658,
8.62531,
8.67758,
7.36825,
7.20898,
17.11,
13.6529,
6.66363,
7.22501,
17.7308,
17.3532,
8.6615,
8.64258,
8.63924,
20.4418,
0.0165347,
0.0259661,
75.2023,
85.6768,
0.00236275,
3.85676,
4.20997,
4.21366,
4.23586,
3.85034,
3.81793,
3.86222,
3.82296,
4.19259,
4.22738,
17.5515,
3.84293,
3.8244,
12.5887,
4.19656,
0.0154772,
0.00154641,
2.8291e-05,
3.78972,
68.7084,
80.3612,
0.00182522,
0.0144383,
20.942,
86.637,
13.7081,
0.0152265,
2.0079,
1.66485,
16.9236,
12.761,
24.875,
6.90043,
132.922,
21.7707,
36.9227,
0.000351761,
0.0012656,
0.651144,
0.0148964,
8.07482e-05,
0.37081,
0.000689738,
3.50108,
7.20022,
3.02648,
7.19346,
7.20768,
8.50168,
34.7886,
94.8004,
99.9418,
17.3857,
7.16377,
7.17537,
22.6003,
34.5503,
35.2013,
32.4399,
65.8939,
28.8527,
76.5486,
0.00034009,
6.37368,
39.6127,
73.4296,
8.9113,
68.774,
4.20347,
4.22544,
4.21463,
4.3653,
3.84073,
3.8356,
12.5626,
12.9827,
17.5126,
0.00143246,
0.01536,
0.0154974,
0.000432042,
89.736,
31.8623,
31.7491,
30.0951,
50.4792,
29.9144,
0.0158643,
0.00256477,
0.000762028,
86.3674,
22.3819,
86.3673,
61.5944,
984.27,
267.994,
88.2196,
236.404,
324.096,
145.209,
162.489,
150.79,
38.3727,
0.0147031,
0.0148991,
0.0148616,
64.4409,
12.0192,
23.3053,
0.0215512,
0.00122755,
43.595,
34.7385,
44.0732,
86.606,
0.860074,
0.000992859,
0.000627516,
1.94781,
0.954745,
0.0156136,
0.0214685,
0,
0.000771695,
0.000523879,
0.000771624,
7.20117,
8.61708,
4.91648,
5.74387,
8.61699,
7.21958,
7.16591,
17.0361,
16.877,
8.10286,
21.8084,
8.63537,
8.63772,
24.7023,
17.8828,
251.951,
86.7102,
208.053,
1173.45,
35.4051,
34.9773,
33.9329,
33.1452,
0.0189717,
72.0793,
69.5281,
0.00136206,
4.20121,
17.408,
4.20444,
17.2287,
90.3332,
89.9244,
77.062,
31.7446,
91.0818,
0.0156272,
57.1163,
58.5081,
0.000587325,
80.0382,
83.4373,
3.80246,
70.0357,
69.4257,
0.000101053,
0.000249216,
0.000479847,
0,
88.7216,
0.00123982,
19.8434,
3.61696,
13.0577,
29.9803,
86.3668,
0.000303839,
86.2998,
43.7269,
51.1932,
0.00153941,
0.000898376,
11.3202,
1.30486,
22.3861,
34.9052,
87.0644,
101.297,
88.3108,
32.1712,
0.00111568,
68.2417,
82.5793,
31.6418,
1.91901,
4.21484,
4.48517,
4.90321,
3.8214,
12.9476,
12.8829,
4.18885,
12.9613,
89.7771,
90.0309,
107.067,
31.8098,
31.8104,
30.3245,
89.9353,
31.2655,
0.0225213,
0.0178074,
0,
3.56804,
0.0151607,
21.8026,
149.02,
44.8306,
0.0145854,
0.0216982,
2.12014,
0.0148205,
0.00107345,
0.000314247,
0.0406509,
0.0444015,
69.9992,
28.3675,
0.000520413,
29.9376,
0.014999,
0.000303977,
0.0150385,
2.70981,
0.0151283,
26.314,
758.234,
505.315,
65.7393,
86.325,
0.0327574,
1.98378,
56.2682,
127.457,
0.0262824,
18.4394,
0.00272357,
0.00136552,
3.68594,
7.17591,
13.9521,
16.761,
8.58121,
4.91645,
16.0598,
25.8463,
93.7484,
96.0777,
98.7883,
629.801,
867.566,
849.167,
76.1006,
31.2577,
101.887,
105.335,
96.0644,
84.0571,
31.1638,
31.3475,
17.049,
12.5711,
0.0158189,
119.421,
0.0190676,
0,
159.965,
70.1474,
52.6597,
96.0709,
8.36814,
4.21272,
4.21519,
4.25004,
4.21507,
3.83405,
3.84598,
3.87529,
17.4505,
7.25595,
22.9544,
89.6779,
90.0482,
90.0158,
31.8126,
31.3167,
30.3817,
89.3282,
88.1543,
13.0218,
29.8711,
8.94221e-06,
0.0153439,
0.0154133,
15.4109,
89.84,
22.6549,
97.3325,
86.2905,
0.0149602,
0.000737586,
0.000114471,
0.00175651,
0.016438,
0.0191042,
8.91243,
0.0381225,
49.7163,
23.3947,
86.3747,
28.9672,
29.1027,
0.0150607,
95.4703,
118.23,
0.0471302,
0.000410319,
0.0173153,
3.06409,
3.96134,
9.33708,
0.0123447,
0.0157108,
0.631049,
0.00198006,
2.59614,
0.000780726,
305.313,
211.237,
37.4882,
12.7524,
85.9915,
662.173,
10.3997,
0.00335561,
13.9884,
35.2928,
34.8786,
33.5814,
105.307,
102.148,
109.835,
95.9643,
96.7955,
114.426,
93.7361,
95.0534,
33.9943,
149.012,
86.7458,
98.4711,
3.57729,
69.5801,
53.3145,
79.9141,
0.0212244,
148.948,
91.1434,
31.8771,
29.8937,
29.8952,
12.1145,
0.00145554,
62.1814,
79.7339,
3.57187,
69.8648,
73.426,
0.0153538,
49.3811,
13.1017,
103.817,
0.000316115,
26.8781,
26.6064,
86.2854,
86.2753,
25.7506,
28.3695,
86.3668,
103.292,
146.461,
25.2514,
43.3426,
146.549,
0.0155791,
0.00154796,
2.04958,
0.0203698,
0.00147511,
85.9281,
43.1036,
44.5776,
0.0409529,
4.86208,
1123.52,
45.7329,
109.868,
20.9574,
7.10191e-06,
197.18,
0.00150921,
34.8524,
34.0884,
33.7858,
100.997,
94.9805,
93.1578,
22.445,
31.1884,
31.1896,
14.0737,
68.3426,
275.311,
31.6209,
0.0478615,
276.676,
161.374,
0.0220131,
19.9326,
107.035,
17.1591,
100.576,
17.929,
96.0675,
14.5772,
15.1774,
13.9365,
45.033,
44.149,
83.2992,
0.00976896,
79.9158,
148.886,
83.484,
22.0323,
4.21381,
59.7237,
70.91,
9.33654,
4.10533,
4.79605,
3.84144,
3.82489,
4.40169,
4.22758,
18.0519,
3.84449,
13.6084,
13.093,
20.7552,
114.275,
97.2482,
93.7033,
107.928,
98.7494,
89.4578,
31.9824,
31.8277,
30.2669,
31.3122,
89.0677,
13.9916,
22.9685,
85.9018,
3.42248,
79.1867,
0.00217416,
0.0157554,
67.022,
0.0198676,
62.4082,
0.014752,
0.000924847,
11.0232,
2.44965,
0.0178838,
97.3487,
26.3446,
53.6916,
926.653,
24.3708,
86.306,
26.6907,
0.0287942,
0.000536779,
0.0346492,
210.095,
0.0149852,
0.000265101,
0.0189658,
154.978,
159.338,
242.892,
0.046252,
22.239,
29.7452,
0.0277465,
0.00147365,
4.17035,
4.16224,
0.014854,
0.000940597,
13.4866,
24.7467,
2.59706,
0.0221038,
8.65302,
87.1349,
324.392,
145.171,
0,
0.00219105,
27.5347,
0.0206602,
0.0164214,
20.7742,
13.6457,
35.9532,
153.514,
31.3755,
31.1614,
12.9711,
3.86698,
0.0107725,
68.9946,
75.2895,
19.4635,
0.00769108,
67.444,
124.048,
0.028806,
0.0330061,
127.047,
95.6566,
45.7763,
327.853,
43.5043,
107.592,
396.306,
14.0213,
72.2329,
82.9574,
0.0169783,
4.20672,
4.19534,
4.22158,
4.2013,
4.20582,
4.21228,
3.81826,
32.2427,
32.139,
36.563,
29.9741,
29.8888,
10.0335,
10.4844,
0.0227125,
16.5635,
80.719,
0.0196922,
0.00146876,
10.9756,
60.3755,
43.5828,
44.1055,
0.0208685,
0.0146792,
0.000980709,
0.000183585,
0.015945,
0.0163643,
3.12047,
23.5075,
0.00022059,
12.9439,
86.3756,
28.9702,
29.5548,
93.536,
161.098,
91.4436,
0.0289938,
0.0140758,
0.0145141,
172.637,
157.709,
165.247,
164.997,
35.6869,
99.258,
19.3179,
0.0273303,
572.686,
0.0295375,
497.646,
5.26997,
3198.68,
43.2056,
3.37159e-05,
0.176354,
0.000416069,
0.0198307,
0.0151769,
0.000374695,
0.0157135,
1.28125,
225.98,
266.322,
45.1455,
59.3276,
310.009,
85.4487,
62.8208,
983.974,
268.212,
80.9577,
76.0299,
10.6053,
32.6448,
37.0539,
38.5455,
13.1539,
92.4801,
94.5887,
11.8851,
31.2546,
14.0016,
16.1471,
100.526,
124.898,
24.1901,
13.7873,
0.0290426,
85.7913,
158.47,
79.8121,
0.0356143,
74.155,
95.9754,
0.0236215,
68.0187,
44.8523,
0.0289717,
44.1423,
0.0015335,
115.172,
0.0180129,
0.000854118,
37.1199,
43.7487,
322.465,
107.587,
396.161,
56.764,
96.4482,
98.5511,
43.5079,
43.752,
4.20704,
72.4138,
3.82482,
90.8119,
92.2413,
31.8743,
94.9488,
118.079,
17.0925,
89.1469,
90.0177,
15.1087,
14.3511,
0.0150627,
0.000482614,
71.0175,
70.5371,
0.00114519,
70.3389,
7.54394,
26.8795,
40.3167,
116.046,
83.5121,
83.4778,
86.3691,
0.0152034,
9.27161,
81.7677,
4.79128,
174.029,
88.3247,
0.00188112,
12.6731,
0.0600513,
32.4616,
53.4992,
36.5234,
16.2421,
48.583,
28.6115,
61.886,
0.00100559,
23.9993,
27.6852,
148.974,
0.00143596,
0.00176865,
0.000807757,
86.9388,
43.611,
35.0579,
217.171,
324.322,
143.252,
0.857861,
24.3623,
0.000142454,
30.3949,
33.2774,
23.8714,
46.3036,
29.1299,
31.7835,
12.7134,
0.000317025,
0.0292289,
93.9525,
62.5732,
8.95474e-05,
98.0502,
88.7186,
4.97718,
0.000201119,
26.6171,
43.5687,
111.25,
0.0364329,
109.624,
44.1494,
94.4108,
115.68,
14.9646,
29.3599,
43.1073,
35.1264,
60.2045,
3.85115,
3.82581,
3.85343,
3.83834,
3.85103,
12.8681,
4.2149,
4.21364,
18.087,
13.2229,
31.9183,
32.5977,
30.5435,
31.4025,
29.9254,
11.2693,
0.000177632,
44.9626,
3.41475,
95.2713,
104.65,
0.0150745,
0.0152495,
0.0144171,
0.0156684,
87.5254,
82.8434,
86.896,
86.7326,
94.6054,
27.0235,
139.189,
207.731,
357.593,
109.009,
15.4464,
2.78161e-05,
16.1475,
0.023294,
0.0209245,
98.3243,
0.0189545,
5.30479,
0.00190001,
72.1581,
0.000846222,
248.799,
767.721,
174.892,
0.0210929,
43.3503,
67.1601,
59.9384,
356.361,
20.4887,
227.414,
146.495,
44.1156,
100.549,
100.718,
56.8276,
34.0639,
0.00245596,
111.257,
109.63,
34.0709,
161.753,
45.0406,
79.538,
182.923,
85.5846,
40.5748,
71.2917,
4.23298,
4.20612,
4.21049,
4.21415,
17.3633,
95.8704,
94.8028,
85.9581,
30.0113,
15.6912,
94.6098,
33.8064,
15.0355,
9.53014,
0.000971259,
0.000273967,
0.0167458,
2.50786e-05,
78.912,
70.3333,
42.7113,
93.6255,
3.28329,
104.382,
0.005759,
0.00220229,
20.3795,
3.04704,
68.849,
0.0273226,
29.9909,
13.7177,
0.00165878,
10.4672,
10.5719,
10.4691,
12.2729,
10.4816,
0.0200143,
83.0314,
26.4959,
168.837,
162.32,
143.682,
80.2429,
80.258,
21.0044,
94.5684,
88.5028,
69.3995,
0.00168546,
15.0345,
29.7765,
113.193,
151.049,
104.41,
154.982,
90.9928,
146.575,
0.0152449,
6.62908,
56.1649,
84.5059,
0.014593,
0.00037564,
0.0181717,
86.2896,
86.2802,
23.3004,
35.7419,
97.3267,
86.2905,
53.6106,
49.7273,
147.962,
43.6461,
341.966,
484.817,
86.2655,
86.2662,
18.7082,
28.7747,
29.3443,
13.1215,
29.1386,
12.6238,
20.6374,
92.5132,
0.00104691,
0.0891385,
16.0985,
17.9336,
56.1099,
42.351,
4.81657,
14.689,
13.9011,
14.6126,
82.1686,
20.2496,
79.8637,
11.3648,
9.58468,
11.2973,
97.1588,
43.7082,
94.3636,
151.639,
683.699,
448.987,
446.874,
586.471,
11.6722,
137.542,
196.068,
66.1201,
94.3443,
44.9427,
59.6768,
0.00411365,
45.7611,
146.109,
122.735,
191.988,
18.9894,
124.193,
90.489,
4.21353,
4.20614,
4.22884,
4.21623,
65.9245,
3.80905,
57.0277,
3.8268,
13.0281,
12.8822,
92.9939,
155.978,
9.50501,
30.0653,
10.0829,
0.0157927,
0.00195564,
0.00129671,
0.000804953,
0.0140588,
0.286735,
0.0154863,
99.1893,
0.0378564,
74.6219,
44.753,
0.328097,
2.67503,
4.58707,
69.7506,
0.0193989,
0.0259301,
0.01896,
149.759,
219.954,
10.4633,
10.4538,
10.2409,
97.5914,
101.532,
17.6751,
105.521,
13.3474,
161.822,
215.644,
180.856,
125.802,
87.4189,
113.779,
126.948,
88.4938,
69.7566,
83.2476,
57.776,
86.6923,
85.7976,
97.3721,
17.7157,
15.0393,
43.9236,
0.0153128,
0.0154098,
0.0156777,
132.928,
94.71,
33.2061,
0.00345709,
26.3197,
38.2177,
36.4585,
86.6058,
18.0468,
86.2649,
20.4973,
0.0179422,
0.00120137,
254.007,
21.3526,
208.934,
77.5285,
8.83347,
9.58743,
9.58314,
9.72426,
77.8131,
154.913,
80.0779,
18.4657,
84.3517,
17.6448,
45.9365,
107.646,
79.1406,
0.0280446,
94.7256,
0.0331995,
83.5835,
44.847,
170.807,
130.119,
20.0408,
44.1304,
5.71152,
3.84768,
3.83732,
3.84237,
4.19865,
4.19918,
18.3766,
3.84185,
31.4384,
31.5422,
30.5961,
19.2312,
31.5265,
30.9122,
29.9649,
14.9851,
101.858,
19.2576,
0.015962,
0.000626829,
0.00116068,
87.5427,
71.7331,
44.0921,
68.0683,
0.0228922,
63.8077,
133.01,
94.692,
110.244,
131.599,
0.0159756,
122.702,
16.8505,
58.4031,
10.3151,
0.0297855,
10.3489,
10.4617,
10.4222,
6.91621,
180.922,
12.8435,
109.179,
17.1164,
16.3048,
71.2279,
73.5365,
51.0048,
0.0168704,
143.877,
57.6657,
72.0184,
177.901,
255.262,
131.83,
111.158,
112.633,
32.0004,
16.4985,
94.1463,
59.7574,
87.6679,
87.031,
99.4468,
101.486,
85.1502,
110.898,
557.547,
212.442,
2655,
200.118,
192.684,
96.1034,
281.396,
4526.1,
87.3274,
93.8768,
34.5721,
10.503,
10.4714,
10.3285,
79.9823,
79.6297,
11.8274,
4.70976,
85.8448,
98.905,
161.285,
147.409,
242.05,
97.5136,
46.0823,
31.6641,
0.0465335,
21.7892,
46.2267,
30.1721,
33.3802,
98.3367,
326.993,
22.7413,
163.916,
29.3447,
20.2172,
23.2785,
0.0186362,
85.445,
85.5087,
62.6377,
75.6862,
14.1888,
14.394,
14.3397,
9.58322,
20.2511,
14.3831,
18.4249,
43.4109,
78.1352,
83.5795,
14.4267,
9.72879,
9.42916,
9.72514,
9.69237,
14.8316,
0.0199764,
0.0328085,
94.7253,
89.5423,
0.00262488,
4.18915,
61.2204,
63.6849,
0.0169833,
0.000657887,
27.63,
81.0199,
27.6994,
1.50128,
4.18848,
4.19959,
4.21325,
3.84023,
12.9734,
12.9447,
30.0036,
10.4584,
12.2327,
0.0142145,
0.000306463,
43.4414,
72.5831,
118.385,
0.0164485,
0.0159312,
0.00212398,
0.0217744,
142.049,
193.6,
114.838,
10.7228,
10.4814,
12.1209,
8.41734,
8.36461,
8.6213,
10.525,
10.4638,
15.1406,
26.1997,
86.3454,
86.3548,
26.0351,
74.0472,
0.0050461,
123.491,
228.683,
47.3653,
96.579,
81.0216,
96.7692,
95.2681,
158.052,
166.69,
165.137,
0.0149726,
0.000495885,
0.00141562,
0.0147779,
689.028,
43.5952,
670.391,
86.3491,
61.2871,
278.052,
153.571,
147.205,
278.221,
29.3444,
29.138,
28.2287,
9.47848,
0.0221555,
3.40523,
0.018985,
20.0443,
0.0139798,
24.2872,
60.6847,
254.003,
76.873,
74.2396,
18.6109,
86.4772,
13.8997,
91.7395,
9.58807,
14.3793,
14.3882,
14.5844,
103.145,
44.1088,
84.3052,
27.1425,
0.000171251,
9.07696,
11.7585,
108.331,
5.95638,
76.4962,
43.3752,
66.0709,
0.000812412,
4.20923,
4.22768,
4.23528,
4.22366,
18.1228,
4.21568,
17.7252,
71.1886,
3.8247,
70.8079,
92.0955,
0.0164595,
0.000690618,
0.0154204,
0.0155325,
94.9789,
4.87279,
69.7535,
24.0736,
90.7232,
22.2723,
307.664,
10.4193,
10.3504,
16.4293,
46.5261,
0.0192605,
4.05269,
10.4542,
10.4546,
12.6856,
0.0105761,
10.4681,
10.4682,
83.2938,
9.58176,
8.58547,
57.5305,
91.7176,
73.6045,
96.3262,
25.8444,
24.3646,
8.50522,
0.0228487,
15.6054,
31.8364,
140.77,
254.159,
73.5296,
10.4402,
10.4479,
10.0566,
79.5957,
157.883,
164.999,
160.72,
244.865,
157.147,
86.3698,
86.3697,
22.3782,
27.2552,
32.1622,
0.0509394,
0.0209757,
31.8514,
50.4817,
6.89655,
0.0183379,
19.3577,
0.0204641,
24.3746,
24.3882,
86.3206,
86.3019,
43.4923,
789.831,
19.1759,
29.1402,
16.7589,
0.0342542,
6.73174,
0.0267571,
98.4076,
95.0096,
0.000470093,
9.72363,
14.8327,
9.61568,
208.893,
75.4999,
8.48141,
28.4283,
0.00215632,
0.00297382,
9.58617,
9.58175,
9.99731,
14.5673,
23.2431,
9.58788,
9.58784,
9.58724,
14.3711,
14.3901,
12.9614,
14.4991,
10.4983,
44.7261,
79.3071,
18.4359,
0.0195922,
66.0552,
167.184,
43.6905,
29.8816,
0.000707483,
0.0146661,
0.711208,
3.84552,
3.82025,
3.84198,
4.20903,
31.4432,
31.4867,
30.5998,
89.8611,
90.7519,
108.419,
93.4234,
3.81956,
155.485,
30.9244,
29.9337,
0,
10.6492,
4.54218,
0.000797316,
0.0140618,
0.0208364,
3.25986,
0.0219369,
4.87669,
84.8125,
4.2163,
70.2773,
79.071,
0.0171137,
92.6905,
0.000790052,
0.00107999,
9.8364,
154.272,
18.3223,
35.1427,
10.4826,
3.64577,
27.5023,
24.827,
10.4655,
10.4184,
13.4939,
12.787,
8.41039,
10.1275,
72.0586,
103.644,
41.981,
113.816,
10.4788,
88.4113,
10.5657,
67.4104,
4.9102,
12.7684,
98.9172,
18.2335,
161.936,
156.053,
142.932,
162.937,
93.5902,
90.6817,
0.0197622,
31.3359,
0.0304866,
0.0259398,
29.3303,
0.0280346,
22.1786,
0.0437385,
27.962,
20.9282,
0,
16.9811,
22.7713,
28.2912,
17.5591,
24.4697,
13.643,
82.2813,
11.3569,
22.7926,
0.018245,
0.0195294,
13.4839,
16.7254,
73.1282,
18.1465,
14.7014,
55.8159,
14.4203,
14.3841,
12.8398,
9.58689,
7.84142,
78.2977,
86.4579,
0.0179463,
115.353,
0.000412452,
83.3295,
103.882,
0.0203782,
1.17097,
6.35045,
8.3607,
0.0195277,
3.21094,
0.017254,
2.16402,
0.0165752,
0.00132007,
0.0171596,
0.0190444,
4.18049,
4.19856,
4.17384,
3.83323,
12.9575,
13.1123,
97.4922,
89.7113,
107.722,
72.5751,
3.83153,
74.3176,
13.9722,
0.0170425,
12.1093,
93.5806,
3.15707,
0.0023301,
42.2275,
0.00207108,
0.0153763,
0.0154788,
10.3161,
30.7544,
107.425,
55.4782,
8.4392,
22.276,
96.6384,
86.3534,
52.3001,
41.2902,
0.00591737,
350.94,
53.6368,
53.5661,
89.2709,
126.964,
205.595,
161.505,
10.451,
8.36397,
0.0221341,
188.34,
86.3603,
86.3626,
32.7277,
32.4778,
0.000302342,
0.00138756,
0.0153649,
0.00789035,
0.0150692,
12.772,
234.021,
819.483,
881.125,
61.8838,
4.52624,
726.682,
11.7894,
0.0124817,
0.00184893,
9.84449,
62.5682,
356.33,
146.441,
84.3447,
14.3926,
81.3267,
78.0016,
106.805,
0.0175686,
9.5929,
14.3893,
9.58985,
9.54492,
9.30943,
68.4127,
72.244,
0.0146515,
0.015052,
4.68545,
69.6183,
19.7223,
56.9236,
4.19539,
0.468624,
0.00134355,
17.427,
4.21646,
17.7062,
147.788,
105.344,
20.1859,
31.5184,
30.9718,
30.6291,
29.9719,
0.0195537,
0.000402049,
13.7369,
3.15457,
85.8551,
98.3462,
0.000363713,
113.279,
116.736,
73.3622,
292.494,
10.4197,
10.4726,
12.3068,
28.4371,
9.97814,
8.39185,
0.0327005,
95.4688,
40.9692,
95.8192,
50.1782,
21.8986,
8.97589,
8.45714,
19.1866,
12.4708,
10.4688,
10.4875,
10.1734,
8.43012,
7.09605,
27.5542,
98.9772,
218.546,
0.00978835,
0.0305369,
0.0361839,
88.2482,
2.80611,
16.8459,
12.4852,
726.624,
89.6781,
241.685,
85.9642,
45.8219,
53.5205,
5.26316,
0.0355215,
32.0353,
24.4768,
21.5664,
26.7722,
18.1371,
9.39587,
28.7575,
28.7525,
6.5635,
13.0581,
0.0215081,
14.8205,
11.6661,
9.43279,
9.23025,
15.2743,
0.45671,
35.0227,
66.1246,
18.2628,
40.2071,
14.3397,
11.0397,
89.7681,
57.9077,
0.0181824,
0.00183768,
9.58846,
9.59226,
9.58748,
9.59019,
14.4251,
14.3942,
51.8574,
9.634,
9.55613,
83.13,
0.0251739,
76.5817,
0.0157098,
0.18081,
2.01702,
0.0166025,
3.84194,
40.6533,
20.7821,
10.6428,
0.000185449,
0.000647543,
80.5398,
4.21159,
4.21132,
4.20078,
3.83621,
3.84101,
3.78572,
4.21484,
31.4769,
29.9273,
4.23012,
3.86494,
0.0120729,
14.5537,
12.0782,
0.000977044,
0.000203311,
1.01053,
91.3635,
3.05033,
89.7161,
109.711,
13.3937,
71.777,
116.042,
10.9895,
20.695,
8.39382,
8.40839,
8.41334,
39.5362,
1.48792,
152.04,
30.8983,
92.7823,
94.0923,
111.749,
91.1332,
93.7077,
149.689,
0.0144799,
0.0143057,
10.9852,
86.3641,
32.4839,
32.7239,
0.00199745,
0.00229561,
8.35742,
0.0144388,
27.4999,
30.5186,
0.0216968,
0.00247125,
25.7659,
94.5839,
86.7525,
0.0282684,
16.0011,
0.00121754,
24.142,
28.8054,
23.9204,
20.896,
9.67626,
9.30703,
28.7507,
9.5847,
107.647,
11.3656,
120.811,
227.37,
22.9092,
22.3205,
9.87477,
74.8644,
10.2519,
89.1052,
0.000427922,
74.8846,
7.64815,
60.5792,
9.58472,
9.58998,
9.61399,
9.37109,
0.00150312,
0.0162382,
77.8925,
16.6149,
0.0204366,
7.76772,
14.7698,
3.82871,
12.9516,
13.2807,
31.4766,
31.47,
30.6353,
30.9566,
18.6821,
107.231,
44.7234,
29.953,
13.2556,
15.1394,
64.6668,
3.81294,
76.8014,
0.432977,
0.0133795,
0.316199,
0.000687745,
10.4633,
17.8135,
10.5836,
10.1968,
98.876,
78.5469,
48.5171,
10.4603,
8.36935,
8.60094,
8.33086,
30.6724,
127.434,
143.88,
139.463,
152.164,
10.5035,
112.58,
25.6762,
98.0976,
10.0224,
10.4402,
8.50895,
10.404,
10.384,
10.4468,
9.25835,
86.3647,
0.00260599,
0.0281841,
0.00116814,
0.0165904,
88.5881,
113.121,
48.5355,
68.9279,
26.1826,
20.1669,
13.8694,
17.3707,
30.0004,
32.3545,
30.9323,
112.384,
117.63,
94.821,
67.6912,
17.254,
10.6158,
9.90571,
7.63688,
28.7525,
7.64911,
0.0256582,
137.486,
448.941,
446.703,
196.048,
14.5698,
14.4813,
18.2321,
6.48862,
9.58803,
9.58725,
9.72625,
14.2495,
14.372,
14.8157,
9.58639,
9.59579,
9.59503,
69.0987,
73.8342,
0.017919,
0.00171007,
59.805,
67.4343,
14.5232,
0.000119321,
3.49073,
72.7057,
0.00166224,
3.19352,
3.05872,
81.2203,
77.4671,
2.96864,
94.9517,
11.7813,
6.97452,
3.84612,
4.58562,
4.20065,
4.21281,
4.1916,
3.84774,
17.3226,
4.21271,
18.1421,
4.19173,
59.619,
61.1815,
4.7486,
0.00100084,
10.8223,
2.03268,
5.99845,
13.6771,
96.6074,
13.7036,
213.01,
10.3815,
10.4613,
9.95127,
11.6155,
94.7121,
94.0507,
97.4563,
92.1322,
23.108,
17.1082,
15.0145,
10.4531,
0.00143081,
0.0148567,
1.34482,
0.0250061,
0.0172096,
0.0169453,
94.365,
27.4959,
0.0241507,
30.5701,
86.6538,
101.768,
16.8485,
98.9438,
24.8823,
30.0073,
96.7017,
4.30881,
25.0908,
11.8415,
82.8439,
98.0215,
70.7905,
31.7045,
16.2728,
13.15,
17.2544,
6.47747,
6.69083,
3.86196,
17.253,
28.7538,
20.5775,
89.4695,
76.5796,
80.9038,
9.58588,
52.9168,
56.1102,
586.805,
144.677,
14.3957,
9.58534,
9.66034,
9.93319,
9.6341,
73.8338,
83.1289,
6.49194,
82.9385,
2.97909,
86.2061,
80.8448,
16.9858,
1.29384,
14.3794,
0.00033077,
73.4202,
4.20491,
4.23323,
5.08717,
4.21204,
89.335,
100.301,
89.4672,
109.519,
31.4372,
30.9927,
30.6329,
29.9465,
138.552,
0,
0.0175959,
14.105,
131.068,
14.1999,
8.40871,
8.42438,
8.08941,
126.687,
115.009,
91.8248,
79.3369,
108.842,
10.5152,
56.8875,
397.586,
215.377,
135.897,
23.9287,
104.483,
103.088,
92.8961,
99.8839,
109.169,
148.352,
104.128,
10.4608,
10.5632,
10.0408,
83.9572,
10.5599,
67.8961,
20.266,
0.00110742,
2.99186,
0.0145146,
0.0155293,
0.00217339,
0.0157788,
0.00105209,
2.06645,
0.0173512,
158.341,
86.3626,
86.3699,
45.1363,
57.6964,
67.9728,
82.6101,
158.344,
138.934,
357.509,
31.519,
17.2544,
6.71041,
6.62454,
9.32492,
82.414,
88.7201,
14.1203,
17.3259,
58.1524,
59.597,
9.58523,
684.001,
59.3294,
114.006,
805.693,
0.299425,
9.58316,
9.58636,
52.8,
14.3366,
14.485,
53.6832,
9.55715,
74.8858,
7.65119,
75.1599,
2.91833,
2.8573,
61.6874,
78.2023,
0.880115,
66.0503,
5.42254,
60.0901,
240.116,
180.275,
186.479,
72.3537,
4.36797,
4.21694,
5.01219,
3.84762,
12.9497,
13.2742,
31.4616,
29.9401,
29.9357,
10.7904,
0.0265522,
113.262,
47.0452,
0.000271436,
0.466835,
110.378,
11.4968,
13.3371,
10.4586,
10.8139,
9.47275,
8.39371,
8.6434,
8.35418,
27.4703,
133.907,
147.794,
104.959,
130.756,
363.159,
10.5648,
104.157,
109.878,
350.904,
205.571,
53.5649,
12.5901,
10.3244,
8.80455,
103.067,
94.7181,
132.938,
107.347,
27.1667,
32.4794,
0.0136714,
10.4429,
9.3223,
10.4666,
10.4034,
71.2706,
73.6231,
256.3,
41.2848,
86.364,
118.832,
73.5553,
71.8187,
43.5076,
34.5341,
93.8099,
102.442,
32.0117,
87.0412,
51.9025,
112.597,
16.4961,
113.499,
179.511,
95.6305,
87.4145,
30.0227,
29.9457,
30.8993,
30.959,
17.5685,
90.3934,
18.1513,
4.34054,
4.2667,
4.49564,
4.30928,
3.82053,
3.822,
3.59609,
0.000948869,
0.0201469,
7.63014,
14.3099,
67.0062,
65.4373,
57.0014,
241.869,
10.6906,
100.832,
14.3084,
54.6347,
9.61441,
89.9645,
9.5537,
0.000899224,
60.3181,
73.0137,
2.87878,
74.0826,
0.000447975,
44.213,
45.0288,
100.531,
43.4306,
43.7536,
43.5213,
89.8493,
67.5071,
0.000380746,
4.20823,
13.8538,
6.80223,
3.98423,
6.88828,
4.69644,
17.5781,
4.24203,
18.0145,
11.8659,
561.817,
348.812,
121.279,
66.3013,
0.0154271,
68.6491,
107.888,
111.061,
36.1858,
2.44329e-05,
0.000998425,
0.00202378,
0.020845,
0.0154815,
0.000197821,
0.0157351,
10.5188,
79.7332,
74.7051,
22.1297,
91.0067,
11.8955,
0.0172435,
10.8254,
10.4459,
10.4625,
10.1004,
11.3299,
29.6089,
99.7533,
203.293,
48.7233,
66.4405,
101.71,
95.1218,
88.3224,
92.3793,
95.789,
57.5277,
41.0068,
89.2644,
0.000446126,
73.2491,
71.9531,
15.8371,
122.681,
63.0701,
13.2735,
0.0199587,
0.0153744,
0.00116201,
0.016943,
0.000523963,
12.5908,
10.5579,
10.7003,
12.5779,
80.3593,
10.4689,
15.8571,
0.0195418,
27.9155,
0.0153166,
228.721,
123.459,
24.4529,
97.5503,
311.014,
277.708,
469.233,
441.385,
0.114823,
0.0200541,
0.001661,
103.748,
0.0164525,
116.458,
97.7634,
159.947,
101.108,
31.4785,
31.3987,
11.7143,
12.2748,
4.49734,
3.85733,
3.85635,
3.87065,
88.3457,
17.255,
79.2821,
14.4995,
10.1235,
0.000317568,
0.0146376,
23.9806,
0.0159525,
14.12,
74.4302,
82.0685,
10.9083,
17.5032,
0.0011983,
29.6345,
48.124,
87.7817,
227.407,
221.614,
106.987,
42.5124,
44.1677,
72.5638,
3.82956,
58.4001,
3.83373,
4.73181,
31.4525,
30.9929,
30.5453,
64.2097,
159.972,
72.7098,
0.0160709,
86.2786,
8.39789,
8.41165,
6.59791,
123.508,
11.9798,
154.181,
136.075,
72.0488,
53.6719,
307.699,
118.452,
76.5724,
10.3467,
10.4205,
12.3977,
0.0195658,
0.0159187,
0.0153957,
0.000689204,
8.70258,
8.82868,
0.0148649,
0.014741,
18.8856,
14.5734,
6.3243,
29.1307,
29.9731,
29.9171,
31.0012,
21.5409,
4.57422,
0.0170729,
6.90173,
61.6835,
70.472,
119.234,
55.4977,
39.0986,
96.6703,
94.3331,
100.796,
17.408,
3.81718,
4.24458,
4.29325,
4.2459,
72.2114,
6.56914,
84.0066,
0.0190241,
28.294,
9.00162,
22.9367,
0.000956517,
6.63133,
48.0447,
81.0213,
68.7629,
0.00144963,
78.0026,
80.9733,
105.159,
80.2244,
0,
65.0108,
44.9065,
12.9449,
31.5097,
13.0989,
29.9682,
29.9501,
10.2155,
44.9578,
66.5886,
57.0119,
0.0229859,
0.0176631,
0.00132132,
0.000566659,
126.536,
12.744,
15.0464,
8.40146,
8.57901,
8.45433,
27.206,
10.4106,
10.5152,
95.5614,
0.0156477,
0.0168047,
0.015147,
18.3216,
154.27,
35.1481,
0.0154723,
0.00119034,
4.76724,
0.012756,
30.9421,
8.43452,
55.479,
22.2772,
143.73,
136.203,
127.972,
111.104,
17.9174,
89.3574,
17.7503,
1.53223,
4.24897,
4.21923,
3.81444,
74.9996,
64.0387,
4.19435,
4.19342,
4.23504,
0.0186581,
0.00231227,
0.381996,
13.2702,
0.020442,
33.5539,
0.0180255,
0.0012001,
0.00103436,
74.5544,
0.0257199,
0.00217236,
0.000458424,
2.8653,
94.4405,
104.171,
0.0320118,
71.7701,
80.7,
44.0325,
0.000326299,
0.0162186,
6.25813,
4.84495,
55.0452,
4.68373,
48.3478,
6.07882,
4.20692,
4.79364,
3.84904,
3.82366,
3.83769,
3.80703,
3.85479,
3.84328,
56.2786,
55.6608,
13.1418,
121.015,
82.5921,
42.6969,
4.32647,
0.000904446,
0.0209362,
0.00131847,
0.0150944,
0.0209623,
0.016006,
84.4123,
63.4787,
67.0254,
126.519,
10.8253,
88.2329,
74.8251,
159.933,
12.74,
13.3325,
10.4585,
10.6978,
9.1853,
8.39889,
8.54591,
27.1475,
38.5501,
118.308,
183.059,
55.4737,
43.7925,
79.19,
10.3867,
79.1342,
0.00147153,
0.0179602,
15.5643,
0.000262522,
18.0802,
29.9908,
29.9168,
31.093,
30.9595,
149.33,
103.683,
102.248,
31.4341,
31.4593,
11.7645,
10.4207,
28.4376,
12.5806,
11.616,
110.55,
70.3009,
148.097,
12.2561,
4.22834,
3.83192,
3.8523,
3.82942,
81.642,
4.20922,
82.5122,
4.19213,
4.2259,
3.63348,
0.000366948,
4.02738,
0.0200258,
208.493,
117.266,
154.316,
68.4095,
0.00146338,
83.2655,
0.00246409,
94.0927,
2.82829,
104.088,
0.00244398,
0.00441219,
0.000119523,
0.000586539,
0.000918545,
0.000890576,
5.41243,
5.38969,
5.03368,
4.21249,
18.5748,
4.76685,
19.3689,
31.4351,
31.0077,
30.5051,
0.0566262,
0.000494708,
0.00176259,
0.000118451,
0.0156002,
9.94231e-05,
15.7722,
85.058,
17.283,
0.000312452,
10.5188,
8.39536,
8.41061,
8.08719,
217.639,
52.7063,
288.693,
133.129,
75.5952,
92.4739,
0.00147652,
87.8893,
10.4735,
0.0170123,
0.000701521,
0.000329827,
0,
8.74546,
9.47392,
0.000865107,
144.534,
107.558,
105.074,
31.3881,
31.4309,
13.1897,
9.97577,
8.38821,
96.269,
282.72,
76.928,
79.997,
94.1779,
89.4608,
3.84249,
4.20074,
3.82891,
93.3265,
61.8298,
14.748,
59.2814,
3.49786e-05,
0.789708,
77.2388,
15.1969,
39.254,
73.5418,
19.4797,
9.79511,
79.7073,
25.1531,
0.0200678,
144.101,
89.2135,
0.0250987,
85.5988,
0.00173326,
92.5118,
66.8455,
43.428,
0.00112732,
0.00098727,
0.0145528,
0.00133813,
0.513606,
0.00113853,
1.07847,
4.68001,
29.9338,
10.4841,
10.5242,
90.3863,
104.972,
89.1599,
110.09,
110.207,
29.9894,
17.852,
58.1519,
23.4612,
0.000784075,
0.0152405,
0.0195694,
0.00240662,
0.0152779,
17.0622,
0.0166537,
0.000260713,
0.0156794,
64.2437,
110.138,
87.3925,
11.4979,
8.4088,
20.7016,
10.5373,
10.4622,
12.7699,
8.58243,
29.0766,
32.995,
127.597,
94.0776,
97.173,
138.725,
113.526,
10.5121,
93.3435,
292.557,
75.8869,
135.636,
0.0149971,
0.000433408,
0.0148876,
0.00193693,
15.7648,
14.8264,
24.5409,
97.2438,
8.41074,
8.39768,
8.41262,
8.60567,
8.32644,
29.7817,
138.74,
180.935,
111.817,
17.5431,
89.2089,
17.5315,
4.20289,
3.83539,
3.84737,
3.58679,
21.5162,
24.4552,
112.22,
161.346,
0.0586662,
105.365,
48.4877,
4.22728,
58.7086,
3.83741,
75.053,
67.7978,
150.179,
87.9018,
112.482,
43.5108,
43.7464,
43.5725,
149.239,
137.355,
0.00179726,
113.827,
129.508,
43.6896,
0.0211758,
0.0013444,
68.4608,
4.2059,
4.25427,
4.2651,
3.84193,
3.81133,
56.8768,
53.0484,
3.84119,
3.84915,
4.21312,
4.20924,
4.24851,
3.82301,
12.9595,
12.9862,
31.499,
89.2545,
44.7761,
73.0759,
63.6812,
0.000292353,
0.00114738,
0.000691021,
0.000376332,
91.0013,
15.4214,
80.139,
75.4491,
212.76,
8.45403,
136.481,
217.684,
245.188,
143.699,
93.3637,
93.6267,
95.7556,
136.799,
245.175,
94.0042,
54.5687,
68.7361,
103.06,
0.015072,
0.000297008,
0.000910648,
8.36783,
10.9931,
10.5662,
10.4593,
116.115,
13.5721,
3.12073,
0.000545999,
15.909,
0.0142944,
37.2393,
4.64059,
23.8861,
29.968,
29.9074,
30.6025,
30.9474,
15.7889,
31.4861,
19.3465,
89.5396,
12.2628,
4.19871,
4.23477,
4.19678,
3.83516,
4.20189,
0.000898622,
44.1585,
44.7461,
44.1859,
20.8036,
90.7083,
92.6536,
44.0929,
0.0255033,
99.8349,
134.254,
43.5087,
69.0714,
95.2338,
0.0136359,
2.3497,
56.7914,
10.218,
0.014446,
0.013438,
54.5979,
2.77528,
52.4231,
4.33047,
4.20853,
4.55587,
4.25611,
18.5635,
3.8457,
20.359,
130.79,
107.043,
118.304,
111.451,
69.3949,
107.637,
43.9977,
0.0156717,
15.8093,
16.8672,
0.0156724,
0.00182494,
0.00125119,
21.2785,
88.7682,
22.649,
8.42486,
10.4123,
10.2791,
93.769,
11.237,
89.6695,
147.079,
32.6713,
0.015576,
10.0319,
11.8059,
0.00050323,
0.000314874,
13.3628,
29.9749,
30.9572,
30.6417,
142.109,
112.359,
107.683,
31.4678,
17.6182,
89.2553,
17.5755,
4.20295,
4.21565,
4.24458,
3.82955,
3.0718,
17.4791,
61.6318,
53.7254,
4.20142,
57.0125,
54.8466,
193.602,
154.884,
45.8643,
23.2756,
90.3679,
136.877,
95.4375,
93.895,
9.4445,
71.6098,
92.1455,
25.2308,
91.056,
0.0267079,
0.000662989,
2.81043,
2.83047,
2.86321,
69.2644,
71.8469,
0.0150933,
0.0144319,
0.0139477,
9.22969,
0.0132976,
60.4513,
77.3138,
1.55349,
1.49265,
14.9543,
31.4231,
31.0449,
30.3633,
89.1995,
90.7145,
122.878,
71.3057,
0.0153224,
10.724,
1.60596,
13.6794,
0.00023441,
0.015416,
0.0150794,
0.0212728,
0.000555246,
112.43,
66.1109,
8.35599,
8.64152,
42.5924,
111.429,
10.4356,
112.156,
288.762,
52.6183,
115.815,
52.7055,
14.7036,
0.0152584,
17.4873,
0.017954,
29.8948,
0.00034272,
0.0146158,
0.0152946,
4.65824,
3.90191,
3.12497,
4.18728,
139.321,
44.6755,
106.623,
4.23509,
3.83097,
78.7503,
81.0835,
3.84337,
16.7751,
43.3414,
86.2502,
91.1832,
12.313,
0.00153929,
6.47208,
0.0142358,
44.9729,
124.507,
113.426,
102.746,
0.0255911,
70.3571,
2.83386,
2.83286,
2.95595,
4.33209,
4.76329,
6.05694,
5.66832,
3.83366,
52.953,
101.637,
3.72108,
3.85212,
4.21362,
4.21179,
4.23383,
17.5367,
4.2382,
17.1627,
3.83366,
3.82635,
12.9047,
12.9529,
29.9205,
30.0268,
0.000264926,
0.0203863,
9.60539,
0.0146662,
0.00146542,
4.18155,
0.468902,
23.1883,
35.094,
125.581,
203.272,
173.556,
104.455,
81.4939,
0.0235263,
136.863,
115.626,
107.86,
0.000610509,
9.06659,
0.0126838,
0.000844309,
0.0142875,
103.122,
31.4652,
31.4858,
12.073,
100.288,
16.2252,
4.47201,
4.20046,
4.52346,
3.5118,
136.535,
54.1249,
12.9596,
22.2598,
108.819,
101.815,
363.146,
3.84561,
3.88689,
3.34701,
3.83647,
4.2012,
101.505,
43.7003,
88.1605,
193.254,
13.2862,
323.608,
130.964,
117.136,
42.6689,
106.817,
131.267,
184.403,
1.37083,
9.442,
2.86733,
0.0132008,
0.000122627,
60.799,
17.2039,
16.4875,
82.5756,
10.6079,
64.5843,
71.7727,
4.20677,
4.22485,
31.4612,
0.00136205,
17.6865,
20.5196,
10.4851,
0.0148679,
0.00173305,
2.21643,
0.000629054,
0,
48.6079,
131.679,
117.407,
106.901,
46.3874,
13.7723,
17.0688,
29.911,
29.9806,
30.6095,
30.9569,
0.00103659,
4.11791,
18.9316,
89.3147,
4.4467,
81.3795,
60.5521,
4.28856,
4.213,
4.97337,
3.41591,
0.0170547,
8.51613,
43.4119,
109.437,
152.847,
19.6457,
0.00211637,
86.1497,
0.000107541,
0.000780558,
0.0149716,
20.969,
44.8018,
93.7216,
60.6035,
2.89045,
83.0036,
93.8452,
13.2514,
100.732,
32.771,
82.355,
1.16132,
60.7863,
74.2331,
14.1741,
71.7204,
49.2333,
0.0187891,
75.4831,
3.96403,
68.2109,
3.83431,
12.9639,
12.8536,
126.013,
131.797,
112.872,
0,
10.4708,
4.76662e-05,
11.2336,
49.7908,
19.9215,
0.0220346,
19.6168,
105.095,
31.4976,
31.4251,
13.0171,
0.0148462,
89.1323,
89.031,
16.4374,
12.9332,
18.0076,
3.80979,
3.80605,
4.86018,
4.36135,
3.84043,
59.5696,
4.20975,
61.3431,
0.0172384,
0.00107063,
74.2963,
206.383,
44.0628,
167.424,
46.4937,
79.0609,
220.948,
0.0176594,
99.8361,
2.85597,
42.7016,
44.7757,
103.401,
18.6656,
2.90792,
2.9256,
75.7886,
44.1701,
44.9568,
102.641,
0.228981,
66.4877,
61.2653,
4.22005,
68.356,
66.7849,
3.81572,
3.84327,
3.893,
4.21982,
4.21276,
4.21788,
19.4132,
4.19371,
18.3181,
3.83045,
31.4398,
31.3796,
36.9493,
31.0926,
108.194,
11.0805,
25.7514,
35.2431,
0.000725667,
106.825,
130.552,
107.399,
30.9632,
29.9653,
30.5462,
2.22681,
17.4299,
88.8249,
17.4661,
4.1977,
4.27283,
4.13722,
3.84034,
3.83677,
3.81606,
2.00239,
0.0159355,
4.3564,
4.3172,
80.9386,
59.8215,
3.82239,
0.0175014,
68.4131,
0.0185551,
69.5896,
0.0148145,
71.9507,
0.0794762,
0.0146789,
76.5395,
0.0166763,
82.0912,
0.482854,
52.4339,
64.7599,
44.0108,
63.7655,
0.268963,
2.04991,
160.997,
191.582,
43.5126,
143.44,
115.753,
30.1437,
43.7497,
15.9155,
0.00213052,
4.3364,
0.0175314,
0.0163996,
4.21187,
4.20092,
4.22109,
4.2104,
4.22205,
29.935,
92.6118,
89.8138,
35.2626,
122.525,
110.003,
108.221,
122.752,
30.771,
29.8944,
31.3204,
29.9492,
122.475,
31.4507,
31.4414,
12.9453,
89.0261,
12.9484,
12.1866,
126.618,
33.2799,
130.683,
108.324,
4.2141,
3.83951,
0.00139604,
0.856585,
0.795152,
4.25125,
4.20954,
3.78936,
83.6385,
0.0250714,
93.6256,
9.57718,
68.4124,
0.000407848,
69.5936,
76.7669,
43.4974,
73.0564,
0.0244301,
43.4487,
92.2031,
62.4488,
14.273,
1.38187,
80.5024,
59.9272,
71.5793,
3.85228,
77.652,
3.83612,
12.9763,
12.8405,
31.3125,
36.5506,
30.0297,
30.927,
30.4115,
89.225,
89.5427,
17.3827,
17.4995,
29.9817,
4.18955,
4.20009,
4.19881,
3.82871,
3.84,
3.84302,
3.84854,
4.21882,
0.0153132,
0.000464157,
0.000324959,
57.3901,
63.6808,
4.34699,
47.6787,
4.25557,
0.000787755,
43.6881,
74.2581,
73.1768,
0.00228802,
2.95535,
94.0879,
104.171,
5.28452,
44.1948,
0.0188536,
41.71,
14.4498,
3.28774,
0.0150636,
8.5641,
4.19667,
71.6131,
79.3242,
3.83525,
3.82121,
3.86324,
4.20231,
4.20421,
4.20633,
18.2804,
4.19405,
17.5513,
3.83148,
31.3769,
91.7421,
92.3356,
107.715,
30.9401,
31.4743,
31.4603,
12.8684,
17.8605,
90.1373,
12.9392,
4.22299,
3.83394,
31.5012,
107.156,
0.876451,
0.00499019,
9.07975,
3.04378,
0.0168466,
78.778,
0.00069154,
5.28338,
94.8383,
104.343,
2.97459,
45.0451,
80.1535,
58.0838,
0.00209601,
24.5614,
4.21046,
4.20843,
4.21638,
4.21561,
4.21308,
91.0549,
4.21199,
3.84075,
3.8284,
3.84821,
3.82386,
90.0873,
4.19773,
4.21418,
4.2177,
4.20574,
3.8305,
3.84356,
77.7303,
79.9043,
0.018194,
68.4116,
84.7844,
0.0207376,
0,
0.0145584,
24.6314,
59.6927,
4.21923,
81.1741,
89.2634,
43.4365,
77.5003,
9.67859e-05,
10.7528,
14.422,
6.33922,
0.0160512,
4.65824,
84.5871,
55.2916,
0.0147465,
0.773882,
0.331039,
3.83886,
3.82677,
12.946,
4.2014,
99.4637,
0.0012587,
93.8521,
35.1071,
42.577,
0.00258539,
15.9305,
56.0277,
4.21236,
8.79108e-05,
0.0237243,
72.3691,
37.0407,
0.29715,
84.4688,
18.9005,
44.0283,
92.5701,
80.5309,
5.05677e-05,
3.06961,
93.2929,
84.7454,
14.4444,
64.6005,
45.7148,
64.5369,
0.0243034,
0.000431308,
0.000792483,
0.0161252,
81.0821,
3.92753,
62.3286,
4.2038,
3.83162,
3.83735,
4.20716,
4.21629,
3.83278,
3.84994,
57.8602,
72.4071,
0.0189963,
100.278,
124.768,
51.9263,
45.8309,
52.4148,
64.2495,
66.9736,
44.9054,
0.000113237,
11.7918,
0.000216709,
0,
0.0239903,
0.0149673,
4.19557,
7.7233e-05,
0.0146623,
10.6218,
0.0153997,
0.0200647,
0.00176018,
58.172,
79.0215,
0.0188223,
79.788,
0.025456,
47.176,
0.0163368,
166.499,
43.5069,
131.681,
43.7531,
28.1551,
83.4369,
19.832,
90.8838,
43.5715,
79.1362,
4.20342,
0.0181284,
109.946,
221.961,
103.661,
44.1469,
45.0361,
0.001085,
0.000441285,
69.3022,
74.5441,
0.0173989,
0.00133545,
80.9275,
4.1484,
0.0147691,
76.7261,
0.00749156,
15.3122,
77.4841,
9.3289,
100.676,
42.5448,
94.2433,
3.04765,
14.4505,
72.9461,
3.10759,
89.8681,
0.0146539,
0.0288377,
0.0159607,
74.7926,
0.000328549,
28.405,
95.4218,
97.5088,
0.000644271,
10.8964,
72.3824,
65.9703,
85.3867,
23.1343,
85.9528,
204.604,
226.116,
93.6814,
44.1254,
214.767,
36.3978,
76.7434,
44.8607,
3.15051,
3.27174,
80.9691,
0.00147023,
0.00193745,
24.3787,
67.127,
7.91881,
84.6278,
4.29066,
3.26422,
0.00109946,
44.1273,
44.9519,
0.0183209,
97.3045,
110.123,
3.4393,
25.4232,
101.282,
123.669,
45.92,
0.0375775,
0.0371378,
97.303,
108.112,
18.3992,
14.8238,
0.00218814,
88.0805,
71.744,
1.41277,
70.24,
14.719,
67.3261,
72.1427,
23.6752,
81.0294,
3.42008,
14.3019,
99.3316,
80.493,
44.7456,
87.6664,
14.2987,
76.9719,
3.58041,
3.97047,
43.3773,
44.0971,
3.80244,
95.9654,
92.616,
103.708,
3.57916,
19.434,
43.6988,
131.851,
73.9061,
61.6639,
0.00459257,
0.0250915,
93.7672,
7.25948,
75.7083,
78.2973,
43.4359,
95.0268,
94.6931,
160.992,
159.158,
3.83079,
4.63643,
12.8083,
448.921,
137.508,
446.823,
134.579,
108.255,
237.908,
190.837,
90.0787,
103.323,
37.0003,
190.733,
27.0011,
36.9852,
4.52968,
818.659,
61.8619,
27.0894,
119.051,
7.18118,
135.25,
234.283,
49.4184,
44.904,
66.0217,
683.606,
586.525,
196.041,
880.246,
0.0350175,
41.1672,
8.63361,
24.3462,
85.5186,
14.8166,
10.2711,
574.251,
0.00428568,
160.993,
927.048,
1255.82,
4522.6,
159.457,
2992.99,
2654.74,
281.657,
111.166,
85.1588,
87.4109,
53.5476,
131.853,
126.857,
113.587,
12.6719,
36.4886,
61.8005,
199.941,
210.362,
24.8218,
71.8766,
0,
21.5396,
20.5025,
190.906,
232.272,
147.494,
555.737,
91.9698,
0.000637685,
0.000310119,
17.3416,
114.602,
133.028,
2.03251,
0.000140858,
5.59589,
0.00182239,
0.0151012,
110.564,
149.42,
43.7297,
4.85951,
0.0350595,
65.739,
86.2998,
41.1787,
87.6653,
31.5518,
109.051,
255.395,
177.846,
0.0292081,
27.9102,
32.5008,
207.78,
99.2437,
0.051336,
