-26.4112,
-0.984951,
-0.806153,
-31.3121,
-21.1791,
-25.9679,
0,
0,
0,
-27.3172,
-7.62939e-06,
-17.6996,
-0.914191,
0,
-175.082,
0,
-26.6251,
-0.54583,
-18.613,
-0.54721,
-25.789,
-21.3872,
0,
0,
0,
-67.6417,
-0.319376,
0,
0,
0,
0,
-0.0172253,
-0.0629389,
-965.895,
0,
-1902.98,
0,
-24.7545,
-22.4455,
0,
-0.0338544,
-0.0742539,
0,
0,
-0.300476,
0,
-21.7042,
-0.234851,
-24.5923,
-24.6749,
-2223.23,
-67.9352,
0,
0,
0,
-0.250157,
-12.3417,
-0.398066,
0,
-6.35183e-06,
-2.73632,
0,
-21.6978,
-1709.09,
0,
0,
0,
-24.0976,
-21.5218,
-23.7487,
0,
-17.7416,
0,
-420.503,
0,
0,
-0.199492,
0,
-683.024,
0,
-0.387224,
0,
-12.3845,
-8.66829,
-3.48091e-05,
-25.9283,
0,
-28.1643,
0,
-22.8009,
-0.524502,
-0.045029,
0,
-3.79086e-05,
-27.1354,
-0.10499,
-209.644,
-0.761624,
-0.152723,
-29.8976,
0,
-23.7503,
-0.667515,
-20.6834,
0,
-5.66771e-06,
0,
0,
-2.14577e-05,
0,
0,
-62.2573,
-0.399366,
0,
-7.34572e-06,
-11.8105,
0,
-4608.89,
-0.0176651,
0,
-0.310554,
-22.1364,
0,
0,
-0.0898145,
-0.000112057,
-0.0184759,
0,
0,
0,
0,
-0.952395,
0,
0,
-0.666856,
0,
-0.608943,
-22.4314,
-0.195066,
-20.4606,
-21.4487,
0,
-0.138491,
-222.549,
-0.00711962,
-0.725821,
-300.4,
-59.5901,
-185.987,
-3448.75,
-0.830168,
-22.8499,
-19.1365,
-444.652,
-40.7516,
-13.1149,
0,
-0.605315,
0,
-1.90623,
-0.0595395,
0,
0,
-1.29211,
-23.9938,
-0.547171,
-17.8449,
-1784.24,
-987.84,
-153.072,
-25.1655,
0,
-4.55379e-05,
0,
-0.00992395,
-0.0176669,
-0.118765,
-2.90871e-05,
-237.898,
-1596.51,
-1.88226e+06,
-253.399,
-17.8644,
0,
-0.137924,
0,
0,
-1077.71,
0,
-5.72205e-06,
-0.31553,
0,
-1.13489e-05,
-614.065,
-127.349,
9.53674e-06,
0,
0,
0,
-5099.48,
0,
-18.437,
-0.88787,
-23.2567,
-0.312501,
-3.8147e-06,
0,
0,
-2.67909,
-0.123537,
0,
-10.0092,
0,
0,
0,
0,
0,
-0.610429,
0,
-0.668454,
-10.4147,
-12.0162,
-0.125304,
0,
-0.952548,
0,
-7.63438,
0,
0,
0,
-0.215881,
-28.7834,
-23.8102,
0,
-23.3232,
-84.8639,
-99.1859,
-2.57492e-05,
-12.354,
-18.4003,
-1389.84,
0,
-17.5985,
0,
0,
0,
-8452.09,
-116.172,
0,
-0.264625,
0,
0,
0,
-5.82379,
0,
-12.2253,
-18.6343,
0,
-11.8741,
-37.1689,
-0.151687,
-3.53311,
0,
0,
-2.7313e-06,
-0.0263376,
0,
-1697.12,
-33.5462,
-35.6326,
-2738.15,
0,
-21.5529,
0,
0,
0,
-22.3061,
-7.62939e-06,
-0.333461,
0,
-4.33934e-06,
0,
0,
-1.34215,
-0.265075,
-0.216438,
-9.82197,
-7.71124,
-0.617181,
-7.20588,
-469.65,
-1.52588e-05,
0,
-32.6742,
-0.137569,
-117849,
-0.0544363,
-0.000157416,
-253.767,
-1412.35,
-0.0176656,
0,
0,
0,
0,
-1.14441e-05,
-0.214581,
0,
0,
-1059.37,
-875.469,
-859.563,
-0.0219939,
-2.46046,
-28.0405,
0,
0,
0,
0,
0,
-0.157623,
-9.53674e-06,
-0.354427,
0,
-11.1706,
0,
-16.9991,
-2.3644,
-2.13165,
-305.031,
0,
0,
0,
-0.317561,
0,
0,
0,
0,
0,
-0.428199,
-0.290357,
0,
0,
-13.6672,
-14.0183,
-14.1017,
-10.4677,
-10.4709,
-14.6082,
-14.7968,
-1.94502,
-16.8342,
-16.8609,
-7.76521,
-0.141205,
-9.08701,
-16.8884,
0,
-2.11202,
-10.5762,
-0.192551,
0,
0,
0,
-2.82208e-06,
-0.0371942,
0,
0,
0,
0,
0,
-0.0204661,
0,
0,
-0.0948921,
-0.0176668,
0,
0,
0,
0,
0,
0,
-122.885,
-7.62939e-06,
0,
-602.448,
-0.128392,
0,
-0.429912,
-0.378817,
0,
0,
-0.0172265,
0,
0,
0,
0,
-16.832,
0,
-2.88849,
-791.938,
-4298.54,
-1.60435,
-10.4632,
-222.151,
0,
0,
0,
0,
0,
0,
-0.0328407,
-0.0171855,
0,
-0.0635472,
0,
0,
-0.0176618,
0,
-0.157889,
-4.42425,
0,
0,
0,
-0.187522,
0,
-354.904,
-966.003,
0,
-0.78497,
0,
0,
-7107.53,
0,
-19.063,
-7.70864,
0,
-7.63266,
0,
-711.843,
0,
-3.8147e-06,
-56.9313,
0,
-14.1441,
-16.9135,
-14.5226,
-10.4627,
-6870.9,
0,
-0.0321577,
-0.0300104,
0,
-0.00918378,
-0.0371934,
0,
0,
-0.10634,
0,
0,
-310.416,
0,
0,
0,
0,
0,
0,
-0.301703,
-16.4924,
-0.371457,
-0.77656,
0,
-0.73162,
-901.235,
-0.40486,
0,
-0.0172218,
0,
0,
-22.1808,
0,
-25.6283,
-21.4632,
-1138.39,
0,
0,
-185.072,
0,
0,
0,
0,
0,
-0.0032694,
-0.0431795,
0,
-0.0378161,
0,
0,
0,
0,
0,
-0.101874,
-3.15231e-06,
-0.0162844,
-0.0100964,
0,
-0.0176669,
-0.00651933,
0,
0,
0,
0,
0,
0,
0,
0,
-3.8147e-06,
-17.2876,
-27.5976,
0,
0,
-0.120181,
-13.0787,
-28.7182,
0,
-29.0598,
-387.132,
-28.4685,
-29.6105,
0,
-0.239551,
0,
-16.836,
0,
-0.0734844,
-2.54398,
0,
0,
0,
-0.232645,
0,
-2.49384,
0,
0,
-0.0867448,
0,
-0.0191692,
-0.0491548,
-2.87328,
0,
0,
-0.111446,
-6.1299,
0,
0,
-1383.63,
0,
0,
-2101.38,
-141.277,
-462.713,
0,
0,
-0.13485,
0,
-0.320537,
-0.0178748,
0,
-7.46568,
-28.7588,
-525.198,
-30.2073,
-0.534201,
-23.0487,
-0.551238,
-2.56262,
-10.5754,
-10.4676,
-2.72376,
-1.81045,
-14.5171,
-14.1925,
-10.471,
-17.0422,
-2.57975,
0,
0,
0,
0,
-655.699,
0,
-1.43738,
0,
0,
0,
0,
0,
0,
0,
0,
0,
-453.898,
0,
-0.0357666,
0,
-0.0133525,
-0.00353758,
0,
0,
-0.036839,
0,
0,
-0.307943,
0,
0,
-0.0213697,
-0.034793,
-6.10079,
0,
-0.0002141,
0,
-181.971,
0,
0,
0,
0,
-23.1265,
0,
0,
-2685.46,
-285.003,
0,
-6348.05,
-20.9563,
-19.0283,
0,
-0.456105,
0,
-0.62687,
-0.834375,
-25.3285,
0,
-27.9561,
-0.713898,
0,
-594.674,
0,
0,
0,
-1.8929,
0,
0,
-0.0424821,
-0.0364364,
0,
0,
0,
0,
0,
-0.123835,
0,
0,
0,
0,
-0.0181977,
0,
-0.003436,
-0.0456903,
-0.0344141,
-0.0901603,
-0.0176683,
0,
0,
-201.448,
-124.939,
0,
-0.240432,
0,
0,
0,
-149.161,
0,
-7.40516,
-5.98365,
-16.8922,
-153.441,
-370.706,
-825.23,
-0.425223,
0,
0,
-0.830555,
-25.1531,
-23.2512,
-896.781,
-119.679,
0,
-2.60211,
0,
-3.8147e-06,
-0.0340736,
0,
0,
0,
0,
0,
0,
-0.119959,
0,
0,
0,
-0.0294173,
-0.0203442,
-0.0426244,
-0.00356357,
-0.0398588,
0,
0,
0,
-0.0176651,
0,
-0.0215341,
-5.38826e-05,
0,
-31.4753,
-0.00238808,
0,
0,
0,
0,
-778.977,
-14.149,
-10.5391,
-195.592,
-445.022,
-0.0481773,
-0.532859,
-29.0713,
-24.4977,
0,
0,
-125.812,
-0.0345087,
0,
0,
0,
0,
0,
0,
-0.202085,
0,
0,
0,
0,
-0.116043,
-0.00351531,
0,
-0.0341973,
-0.0254109,
-0.020449,
0,
0,
0,
0,
-0.0426099,
0,
-0.00326944,
0,
-0.10328,
-0.0226844,
-2.0504e-05,
-1.20441,
0,
-233.33,
-7.04879,
0,
-7.672,
-0.0233153,
-0.0916367,
0,
-2.31031,
0,
-0.802109,
-22.1613,
-16.3787,
-1655.82,
-28.2424,
-0.520225,
-23.623,
-191.328,
-2996.97,
-38.791,
-165.975,
-0.0221069,
0,
0.017833,
0,
-1.45021,
-2.65998,
0,
0,
0,
0,
0,
-0.124021,
0,
-3.14139,
-0.00654348,
-0.159443,
0,
0,
-0.0341937,
-0.00654351,
0,
-0.0520306,
0,
-0.0398858,
0,
0,
-0.104356,
0,
-2.80042e-06,
-0.040969,
0,
-0.0491546,
0,
-0.00343593,
-0.134864,
-0.0176666,
0,
0,
-0.136668,
0,
-0.0229708,
-0.0080026,
0.00936578,
-0.0308729,
0,
-0.0409167,
-0.107686,
0,
0,
-23.8102,
-21.0448,
-0.554601,
-37.4888,
-6.09056,
-6.06211,
-0.601348,
-24.7601,
-22.4566,
-795.01,
-3.67165e-05,
-0.42278,
0,
-4.11728e-06,
-0.0752692,
-0.093283,
-8.03769,
0,
-0.0243035,
-0.107848,
-0.0135168,
-6.54034,
-0.0986996,
-56.8924,
-9.53674e-06,
0,
-0.00429891,
0,
-0.011301,
-0.095368,
-0.185714,
-0.0384798,
0,
0,
-0.0364333,
0,
0,
-0.051791,
0,
-0.0162678,
0,
-0.0272466,
0,
-0.0257486,
-0.046591,
0,
0,
0,
0,
-0.164166,
0,
-7.10828,
0,
-6.05089,
0,
-592.165,
0,
-9.53674e-06,
-0.448301,
0,
0,
-0.0614137,
-3.68748,
-13.704,
0,
-1.92669,
-10.2941,
0,
-0.0653281,
0,
0,
-0.0449782,
0,
-0.00362831,
-0.0368391,
0,
0,
-0.0257014,
-0.0163079,
0,
-0.0824185,
0,
-0.0091832,
-0.0371247,
0,
0,
0,
-5.10534,
0,
-161.647,
0,
0,
-0.0773518,
0,
-0.0850921,
0.0170161,
-0.0755236,
0,
-0.001499,
0,
0,
-0.601416,
-24.1439,
-20.2258,
0,
-17.6804,
0,
-3086.28,
-22.827,
-0.234729,
0,
0,
0,
0,
-8.7946,
-1.43778,
-4.4876,
-66.3,
0,
-6.65596,
-0.162218,
-7.14048,
-1.50928,
-0.0308727,
-0.0124039,
0.0128855,
-0.00985027,
-169.444,
-0.290295,
-0.0192761,
-0.148943,
-5.22585,
0,
-2.87292,
-0.0856332,
-0.0245253,
-0.00225073,
-0.0108398,
-0.00208022,
-0.030653,
-0.00278925,
0,
-0.0166871,
0,
0,
-0.0163484,
-0.0341971,
0,
-0.0253143,
0,
-0.0331562,
-0.0368389,
-0.0235935,
-0.10436,
-0.0255899,
-0.0276986,
-0.0456904,
-0.116775,
0,
0,
-0.069214,
-2.46111e-05,
0,
-0.0693641,
0,
-0.0736521,
-0.0317774,
-0.173526,
-363.505,
-25.2233,
-282.763,
0,
-6.26658,
-6.22173,
0,
0,
-0.0172264,
-0.383523,
0,
-0.0966961,
-9.47606,
-5.98331,
-13.2326,
-3.77616,
-3.8147e-05,
-4.79227,
-1.43672,
-2.35168,
-11.6518,
-1.8702,
0,
-7.7804,
0,
-4.62706,
0,
-48.0005,
-1.52588e-05,
-1477.72,
-0.000177574,
0,
0,
-18.2539,
-16.3216,
-12.0608,
-628.694,
-0.0240782,
-0.0245251,
-0.00225044,
-0.0240785,
0,
-0.0213212,
0,
0,
0,
-0.0295279,
-0.0295278,
-0.0372808,
-0.0294173,
-3.37942e-06,
0,
-0.0460786,
0,
0,
-1.75141,
-0.0177981,
0,
-0.119596,
-1.48076,
0,
0,
-8236.42,
-0.0597241,
0,
-0.0942161,
0,
-0.0457151,
-0.204831,
0,
-0.0157193,
0,
-6.67572e-06,
-199.547,
-0.41326,
0,
-0.00441495,
-1.179,
0,
-1.07192,
-18.4251,
-7.62922,
-10.5638,
-6.82325,
-6.77047,
-16.5647,
0,
-4.16692,
-0.154325,
-2.05558,
-116.723,
-7.00084,
-2.7804,
-2.1438,
-0.00569525,
-0.229765,
0,
-2.28669,
-0.0193086,
-0.0240768,
-0.00225046,
-0.0176907,
-0.0108433,
-0.00398221,
-0.0213232,
0,
-0.0294171,
0,
-0.0253879,
0,
-0.0332667,
0,
-0.121376,
0,
0,
-0.107128,
-2.58802,
-9.63865,
-3.05104,
-1480.95,
-4288.95,
-7.06531,
-3.8147e-06,
-7.0013,
-0.0302802,
0,
-0.145447,
0,
0,
0,
-16.6642,
0,
-9.53674e-06,
-9.32217e-05,
0,
0,
-0.0166815,
0,
0,
0,
0,
-0.0481424,
0,
0,
-6.99981,
-1.42851,
-16.5274,
-8.86648,
0,
-8.09591,
-17.0954,
-11.0736,
-11.4119,
-0.130541,
-0.000147549,
0,
0,
-0.0192865,
-0.0240745,
0,
0,
-0.00544272,
-0.0257027,
-0.0205297,
0,
0,
0,
0,
-12.3143,
0,
0,
-0.130666,
0,
0,
0,
-0.01538,
-0.185635,
-0.160656,
0.0124122,
0,
0,
-6.04978,
-6.30073,
-6.217,
-2294.4,
-1.04563,
0,
0,
-15.2004,
-11.2335,
-10.4972,
-11.6535,
-2.86102e-05,
-3.23297,
-2.1695,
-0.995943,
0,
-0.0376634,
0,
-18.3493,
-4.54839,
-4.73331,
-0.000181769,
-0.000314951,
-0.000476167,
0,
-523.005,
-2296.22,
-1.43051e-05,
-47.8345,
0,
-1.58949,
0,
-0.0192998,
0,
0,
-0.597347,
-0.000172125,
0,
0,
-0.0252612,
0,
-0.120714,
-0.039859,
-0.284737,
-0.155417,
0,
0,
-0.232939,
0,
0,
0,
0,
-0.0866958,
0,
0,
0,
0,
-596.037,
0,
-0.15848,
0,
-1.62125e-05,
-0.0556616,
0,
-0.102624,
0,
-0.0578285,
-0.261604,
-0.0624927,
-0.137485,
0,
0,
0,
-0.0917618,
0,
0,
-4593.64,
0,
0,
0.00701464,
0,
0,
-0.0147516,
-9.10759e-05,
-2.49912,
-4.77466,
-1.04166,
-617.554,
-423.302,
-814.816,
0,
-277.817,
-0.0569251,
0,
-1.84906,
-0.108001,
-2.42701,
-0.000191289,
-0.000156144,
-14.6219,
-317.479,
-5.81675,
0,
-21.2565,
-0.00413946,
-0.0213221,
-0.00134395,
0.01712,
-0.0286297,
0,
0,
-22.2101,
-23.486,
0,
-0.093821,
-0.056684,
0,
0,
0,
0,
-549.501,
-353.695,
0,
0,
-150.154,
0,
-7.26775,
-17.6908,
-7.04937,
-0.0711046,
-0.124975,
-0.00180379,
-0.156625,
0,
-0.0336586,
0,
0,
0,
0,
-1.73136,
-7.62939e-06,
-9.89293,
0,
0,
0,
0,
-0.02806,
0,
-3.8147e-06,
-163.453,
0,
0,
0,
-0.121067,
-0.0524287,
-11.0263,
-17.0949,
-13.2372,
-8.45157,
-16.5218,
0,
-7.14895,
-2.47744,
-4.07043,
-1.143,
-0.00082615,
-343.635,
-10687.5,
-202.377,
-3491.84,
-7.62939e-06,
-1.52484e-05,
-4.95911e-05,
0,
-0.375569,
-0.229744,
-0.221871,
-0.000149673,
-0.000144008,
-0.768738,
0,
-1.14441e-05,
0,
0,
0,
0,
0,
0,
-0.00225074,
-0.0240786,
-0.231099,
-0.0176908,
-0.0145429,
-0.0938208,
0,
0,
-0.00484665,
0,
0,
-0.186888,
0,
0,
-32.1212,
0,
-22.7596,
0,
0,
0,
0,
0,
-0.0176546,
0,
0,
-90.0134,
-0.0151762,
0,
-0.0955529,
0,
0,
0,
0,
0,
0,
-3.01144,
-6.28744,
-6.22319,
-25.2117,
0,
0,
0,
0,
0,
-224.485,
-5984.64,
-0.295578,
-837.821,
0,
0,
0,
-40.3977,
0,
0,
-0.121075,
-707.423,
-0.345768,
-0.446708,
0,
-0.052735,
-371.995,
-0.00335299,
-0.934265,
0,
0,
-0.275103,
0,
0,
-353.04,
0,
-0.0601373,
0,
-0.0164424,
-12.0078,
0,
-0.100707,
-0.149748,
-0.0611394,
0,
0,
-0.0986909,
0,
0,
0,
0,
0,
0,
0,
0,
0,
0,
-72.8492,
-460.325,
-0.033734,
-74.724,
-0.109014,
-2.02971,
-3.2206,
0,
-265.864,
-34.7717,
-0.0179043,
-7.85215,
0,
-36.251,
-30.5528,
-0.213438,
0,
0,
-0.0852863,
-6.22272e-05,
0,
0,
0,
-0.625983,
-2.09808e-05,
-1.04448,
-0.271866,
0,
0,
0,
-349.322,
-4.25279,
-6.1451,
-483.914,
-3.1932,
0,
-1146.85,
0,
0,
0,
0,
-0.0926325,
-0.291357,
0,
0,
0,
0,
0,
-25.5916,
-170.436,
-13.5716,
-7.62939e-06,
0,
0,
0,
0,
0,
0,
0,
0,
-1595.12,
0,
-18.8227,
-159.121,
0,
-21.0822,
-7.05832,
0,
-7.21342,
0,
-0.00184349,
-0.00184871,
-0.138421,
0,
-0.0204418,
0,
-0.13119,
0,
0,
0,
0,
0,
0,
0,
0,
0,
0,
0,
0,
0,
0,
-4.81606e-05,
-157.298,
0,
0,
0,
0,
0,
-0.000100374,
-39.3711,
-1200.35,
0,
0,
-74.5861,
0,
0,
0,
-2.35715,
0,
-0.126521,
0,
-1.77177,
-3.71933e-05,
0,
-37.286,
-0.00319349,
-133.271,
0,
0,
0,
0,
0,
-126.594,
-0.000165396,
-0.000120044,
0,
-18.3253,
-16.3693,
-11.9734,
-0.120254,
-1.04281,
-8.86368,
-0.248548,
-441.299,
-2.94189,
0,
0,
0,
0,
0,
0,
0,
0,
0,
0,
0,
0,
-35.0273,
0,
-19.4431,
0,
-23.3502,
-20.5078,
0,
-0.0191912,
0,
0,
0,
0,
0,
0,
0,
-6.28725,
-7.19019,
-0.0757125,
0,
0,
-2.65905,
-741.439,
0,
-17.6403,
-4.07115,
-0.0821397,
-0.057475,
0,
-0.176842,
-0.0292042,
0,
-0.121075,
0,
-1.95952,
-0.185625,
0,
0,
-0.0151308,
0,
-321.139,
-0.611413,
0,
-0.691202,
0,
-3.01016,
-0.00980348,
-3.71933e-05,
-1.75021,
-1092.71,
-2.234,
-1.72613,
-9150,
-16.5363,
-52.7742,
0,
0,
0,
0,
0,
0,
0,
0,
0,
0,
-761.332,
-1.52588e-05,
-678.35,
0,
-582.189,
-21.8071,
-149.792,
-0.162973,
0,
0,
0,
0,
0,
0,
0,
0,
-0.796223,
-0.539706,
-528.876,
0,
0,
0,
-134.62,
-515.035,
0,
-6.70835,
-7.27059,
-0.00779194,
-0.062802,
-0.144572,
0,
-0.0829765,
-0.095626,
0,
0,
0,
0,
0,
0,
0,
0,
0,
0,
0,
0,
0,
0,
0,
0,
0,
0,
0,
0,
0,
0,
0,
-7.62939e-06,
-23.0206,
0,
-22.4593,
-3.8147e-06,
0,
-553.426,
-3.8147e-06,
0,
0,
-0.0667857,
0,
0,
0,
-0.350346,
0,
-3.38595,
-80.9509,
-0.0147046,
0,
-1.92,
0,
0,
0,
0,
0,
-4.8399e-05,
-0.409551,
-4.16399,
-7.39098e-05,
0,
0,
0,
0,
-26.0215,
-0.1924,
-2.38614,
-348.69,
-0.00436485,
-6388.9,
-6.85689,
-16.511,
0,
-18.9372,
0,
-2.65414,
0,
-333.562,
-2.92437,
-0.159197,
0,
-1.9062,
0,
0,
0,
-1113.91,
0,
-23.7482,
-24.9556,
0,
-25.899,
0,
0,
-106.861,
-0.00044024,
-14.8562,
-27.2957,
-0.839127,
-30.1982,
0,
-29.9332,
0,
-4339.55,
-21.2785,
-18.2819,
-639.375,
-0.166409,
-0.0781514,
-0.239051,
-0.078987,
-0.0210028,
-0.170284,
-0.0655999,
0,
0,
0,
0,
0,
0,
0,
-337.092,
0,
-22.1347,
-561.265,
-501.414,
0,
-20.0732,
0,
-0.609531,
-9.84669e-05,
-170.007,
-107.883,
0,
-3378.92,
-7.96318e-05,
3.8147e-06,
-1.86788,
-209.026,
-1.53017,
0,
-0.0926721,
-2.25584,
0,
0,
0,
-0.00887474,
-4.79782,
-3.69766,
0,
0,
0,
0,
-1.12049,
0,
0,
-529.848,
-0.969949,
-56.5688,
0,
-5.79089,
0.0785367,
-0.365655,
-232348,
-3.8147e-06,
-0.00434017,
0,
-66.5149,
0,
-28.2263,
-226.906,
-8.68077,
-17.1108,
-10.951,
-11.4216,
-18.3558,
-5.20204,
-6.65054,
-11.0083,
-17.1059,
-12.8326,
-307.242,
-0.0938902,
0,
0,
0,
0,
0,
0,
0,
0,
0,
0,
0,
0,
-2.5741,
0,
0,
-0.0122454,
0,
-0.0977005,
-16.9569,
0,
-27.3374,
0,
-22.6805,
-0.64148,
0,
-0.541026,
0,
-13.9972,
-35.1424,
0,
-2.12991,
-0.236424,
-29.9034,
-29.934,
-1.52588e-05,
-7.62939e-06,
-28.3189,
-27.4107,
0,
-0.23955,
-0.0151927,
-7.08214,
0,
-6.89296,
0,
0,
0,
0,
0,
0,
0,
0,
0,
-55.2841,
-136.807,
-24.126,
-24.0354,
-962.794,
-24.0254,
-1798.81,
-0.0684014,
-0.0729152,
0,
-8.09383,
0,
-0.0416017,
-522.86,
-85.7127,
-11.6273,
0,
0,
0,
0,
0.0345831,
-0.0112046,
0,
0,
0,
-1.1345,
0,
-13.5526,
0,
-32.1986,
0,
-2.53723,
-1.91271,
-0.00106078,
0,
0,
0,
-1.58584,
0,
-8.03349,
-16.5468,
0,
-0.236632,
-0.0791182,
-765.859,
0,
0,
-0.0617664,
-3.17743,
-1.45709,
0,
0,
0,
0,
-0.663248,
-2.36302,
0,
-13.0263,
-12.3918,
-41.3275,
0,
-1.64373,
0,
-0.504599,
-0.0271424,
-0.151138,
-0.512347,
-26.0661,
-23.8891,
0,
-769.21,
-297.189,
0,
0,
-0.0295485,
-0.0606784,
-0.148529,
0,
0,
0,
0,
-0.0220642,
0,
0,
0,
0,
0,
0,
0,
0,
-89.7681,
-0.666954,
-0.0288119,
0,
0,
0,
-3.19481e-05,
-185.842,
0,
-10.8786,
-7.90476,
-10.664,
-0.786965,
-0.799288,
-4.49211,
0,
0,
0,
0,
-1.63953,
0,
-1.67339,
-32.4306,
-3.98766,
0,
-79.4727,
0,
-6.53905,
-11.1582,
0,
-0.349172,
-1438.67,
0,
-4666.63,
-0.61135,
-23.1299,
-21.051,
-10.4689,
-2.11075,
-10.5784,
-14.7947,
-0.525213,
-28.5632,
-26.9705,
-1.14441e-05,
0,
0,
-0.567697,
0,
-99.9265,
-25.9527,
-0.632336,
-25.6941,
0,
-8.07399,
0,
-7.30681,
0,
0,
-0.0152847,
-0.110978,
0,
0,
0,
0,
0,
0,
0,
0,
0,
0,
-107.956,
0,
-269.767,
-894.957,
-24.5396,
-24.022,
-0.785217,
0,
-0.0337298,
0,
0,
0,
-92.654,
-25.7266,
-11.3472,
-0.000173688,
-0.0826642,
-2.30587,
0,
0,
-0.344492,
-0.458669,
-0.493398,
0,
0,
-11.7633,
-0.470562,
0,
0,
0,
-12.9162,
-12.7609,
-7.18889,
-0.917969,
-1.17045,
-19.4527,
0,
-0.463519,
-2.49369,
-18.3839,
-1.16327,
-28.0862,
0,
0,
0,
-168.771,
-1.95503e-05,
-9.82616,
-7.98798,
-3.31402e-05,
0,
0,
0,
-0.20614,
-0.0554977,
-0.0852866,
0,
0,
-0.118413,
0,
-6.77192,
-3.77532,
-4.79317,
-42.5728,
-0.0977125,
0,
-0.110447,
0,
0,
-2.58924,
-1.44232,
-0.0954583,
0,
-12.644,
-2.27607,
0,
-1.56235,
-0.292249,
-7.45418,
-6.21305,
-1042.95,
0,
-0.917544,
0,
0,
-0.0291104,
-0.159387,
-0.0803319,
0,
-0.695941,
-28.6985,
-0.195076,
-27.8706,
-222.352,
0,
-10.5426,
0,
0,
0,
-13.9356,
-16.901,
-16.891,
-28.2102,
-0.672062,
-21.2156,
-177.354,
-0.841762,
-27.8246,
-32.5348,
-359.613,
0,
-25.6388,
-20.9467,
-0.158984,
-0.112226,
-0.17932,
-0.029904,
-6.59108,
-0.101738,
-5.82645,
-0.0468313,
0,
0,
0,
0,
0,
0,
0,
-0.247709,
0,
-40.8865,
0,
0,
-49.6986,
0,
-27.8481,
-119.498,
-23.4675,
-0.888723,
-510.033,
0,
-316.065,
-11.0152,
0,
-2.59499,
-2.15952,
0,
0,
-0.00463459,
-0.0364413,
0,
0,
0,
0,
-13.0623,
-5.65679,
-23.064,
0,
0,
0,
-0.458588,
0,
0,
0,
-24.4343,
-11.9854,
-10.3222,
-10.6987,
-7.9982,
-11.8545,
-1.8261,
-0.16459,
0,
0,
-6.01032,
-3.8147e-06,
-1.90729,
0,
-2.27736,
0,
2.19345e-05,
0,
-0.336361,
-0.231123,
0,
-0.104788,
-2.30309,
-7.62939e-06,
0,
-10.4662,
-1.89564,
-10.4719,
-15.8995,
0,
0,
0,
0,
-0.0939694,
0,
0,
-6.58558,
-16.834,
-6.07327,
-0.830145,
-29.0402,
-22.2627,
-2014.56,
0,
-0.0191893,
-0.591017,
-0.656768,
-28.0009,
-21.0989,
-2359.42,
-0.540389,
-372.326,
0,
-0.0794065,
0,
-0.102008,
-0.109379,
0,
-0.0834137,
0,
0,
0,
0,
0,
0,
0,
0,
0,
0,
0,
-1293.69,
0,
-27.1139,
-23.7572,
-0.539048,
-11.3779,
0,
-11.0004,
-1.87461,
0,
-5.7452,
-5.53393,
-0.269495,
-8.90869,
-0.0811516,
-4.02923,
-0.150814,
-0.00141189,
-0.327703,
-0.00518865,
-0.514089,
-0.405462,
0,
-0.295061,
-18.3927,
-0.54352,
-6.19156,
-31.4993,
-30.5889,
-11.8182,
-3.79086e-05,
-1.90545,
-36.3072,
-24.367,
0,
0,
0,
0,
0,
-0.409825,
-0.0768033,
-3.57171,
0,
0,
0,
0,
0,
0,
0,
0,
0,
0,
0,
0,
0,
0,
0,
-0.245335,
-14.122,
-5.194,
0,
0,
-0.982723,
-12.7497,
-12.7245,
-5.78538,
0,
-8.14284,
0,
-2.70549,
0,
0,
0,
0,
0,
-1.95503e-05,
-0.107985,
-0.100201,
-916.683,
-3.91429,
0,
-6.19888e-05,
-0.178601,
-2.04833,
0,
-0.0613951,
-3.45417,
-59.6512,
-12.1393,
-12.1604,
-14.1025,
-16.7961,
-0.311976,
0,
-0.873223,
-0.0139673,
0,
-0.0454936,
0,
-0.596363,
-23.9982,
-22.3057,
-0.373472,
0,
-0.545786,
0,
-1.33035,
-0.133224,
-312.306,
-0.0191945,
0,
-0.595593,
-13.0718,
-0.0423599,
-6.76907,
-6.92915,
-325.686,
-360.487,
0,
0,
0,
0,
-0.0806269,
-0.0155695,
0,
0,
0,
0,
0,
0,
0,
-79.1535,
-25.1832,
0,
-24.139,
-18.835,
-1.33514e-05,
-3.8147e-06,
-121.568,
-7.62939e-06,
-8.0213,
-10.7256,
-10.483,
-0.0634926,
-0.0625269,
-0.0625147,
-0.0422764,
0,
0,
0,
0,
-5.9413,
0,
-0.1239,
-0.0342819,
0,
-0.0456248,
-1.7983,
-398.862,
0,
0,
0,
-11.1162,
0,
0,
0,
0,
0,
-8.97646e-05,
0,
0,
-4.95558,
-1.01503,
0,
-0.269358,
-0.156375,
0,
0,
-1.91287,
-7.38181,
-11.1348,
-4.16524,
-1.44355,
-4.73797,
-447.085,
-3.8147e-06,
-33.0266,
-4.61049,
-1.83375,
-3.8147e-06,
-1.39915,
-14.1427,
-10.4662,
-14.6081,
-16.8329,
-6226.28,
0,
-0.918862,
-0.80738,
0,
0,
0,
-0.887324,
-29.2996,
-0.548526,
-24.6437,
-260.835,
-147.267,
-2092.54,
0,
-30.0496,
-541.293,
-24.8783,
-0.370283,
-886.758,
-182.081,
-0.118171,
-0.0684242,
0,
-0.0341845,
0,
0,
0,
-7.0253,
-0.0889242,
-6.70818,
0,
-3.8147e-06,
0,
-8.58307e-06,
-36.6598,
0,
0,
0,
-1.71133,
-7.98219,
-1.57903,
-12.7259,
-0.0540581,
-0.252944,
0,
-0.0463854,
-4.50611e-05,
0.0936207,
-0.00349447,
-0.00349394,
-0.0858181,
0,
0,
-0.460131,
-12.3206,
-0.0297041,
-0.111829,
-36.2547,
-11.1738,
0,
0,
0,
0,
0,
-39.2153,
0,
0,
-8.13797,
-9.63398,
-29.7004,
-0.325586,
0,
-1.0981,
-12.8323,
0,
0,
0,
0,
0,
0,
0,
-0.10942,
-0.0492116,
-0.0441196,
-26.7902,
-22.5597,
-0.190987,
-0.138268,
0,
-857.258,
-1.87098,
-3.49992,
0,
0,
0,
-0.367209,
0,
-1.52588e-05,
-2.34905,
-1.44114,
-0.169522,
0,
-5.88936,
-1.14441e-05,
-13.0484,
-12.8236,
-2510,
0,
-0.125696,
-1.30968,
-10.4738,
-16.8672,
-6.70739,
-7.81389,
-445.003,
0,
-0.0268636,
-0.0487446,
-0.434826,
-0.311308,
-330.576,
-0.0215811,
0,
-0.045615,
0,
0,
-0.647342,
-0.17588,
0,
-0.895146,
-23.9826,
-91.2109,
-73.6402,
-0.102035,
-23.1115,
-0.255846,
0,
0,
-93.4655,
0,
0,
-0.113121,
0,
-0.0941865,
0,
0,
0,
0,
0,
0,
0,
-0.12325,
0,
0,
0,
-312.929,
-42.0993,
0,
-56.257,
-15.2185,
-3.48091e-05,
-0.0882776,
0,
-3220.46,
0,
0,
-23.9882,
-12.1916,
0,
-13.2445,
0,
0,
-77.0127,
-12.7989,
-4.98028,
-5.00828,
-0.00426071,
-0.0259187,
-0.0875806,
0,
-0.0174893,
-0.187542,
-0.92865,
-0.067626,
0,
-0.187024,
-24.3721,
-13.8491,
-7.62939e-06,
-13.7673,
-0.327408,
-13.0208,
0,
-10.5414,
-160.529,
-5.70583,
0,
0,
0,
0,
0,
0,
0,
0,
0,
0,
-1.81198e-05,
-26.5701,
-0.0941915,
-2.09808e-05,
-0.390895,
-3.69549e-05,
-4.24335,
-2.50062,
0,
-1.00604,
-1.52588e-05,
-2.78443,
-2.14292,
-7.00082,
-0.233618,
-13.6208,
-6.65737,
-8.69022,
-5.72205e-06,
-9.53674e-06,
-0.110335,
0,
-0.116433,
-0.367547,
0,
-11.9057,
0,
0,
-0.645149,
-0.0119995,
0,
-25.4876,
0,
-342.523,
0,
-418.869,
-0.0730184,
0,
-0.0191892,
-448.788,
-113.476,
-436.444,
0,
0,
0,
0,
-3.8147e-06,
0,
-3.8147e-06,
-125.036,
-0.114422,
-0.00160904,
0,
-0.0332348,
0,
0,
0,
0,
0,
-6.68065,
0,
-7.17242,
0,
-268.735,
0,
0,
0,
-61.2043,
-0.838463,
0,
-23.2799,
0,
-0.141082,
-0.0906298,
-12.8687,
-0.160663,
0,
0,
0,
-0.0608927,
-3.24084,
0,
0,
-342.34,
-6.23354,
-2.30399,
-7.22471,
-14.5207,
0,
-17.0081,
-0.0174863,
0,
-136.618,
0,
-0.123525,
-0.0265343,
0,
-0.0547941,
0,
-23.4007,
-107.4,
0,
0,
-7009.58,
0,
-0.756583,
-0.280978,
0,
0,
-11.6475,
-0.054176,
0,
-217.936,
-0.0134189,
-14.1007,
-10.4709,
-14.7927,
-16.8344,
0,
-0.320182,
-13.9932,
0,
-14.594,
0,
-0.0563251,
0,
0,
-0.954067,
0,
-0.0403046,
-0.0571911,
-10.6094,
-2843.19,
-7.22974,
-1367.06,
-5.89934,
0,
-1.33514e-05,
0,
0,
0,
0,
0,
0,
0,
0,
0,
0,
0,
-3.8147e-06,
-69.3137,
0,
-0.0610685,
0,
0,
-325.357,
-8.00973,
-10.8635,
-10.5338,
-12.7054,
-0.020095,
-0.0493206,
0,
-0.0587157,
0,
-0.345907,
-99.5861,
-13.5269,
0,
0,
0,
0,
0,
-0.12842,
0,
-0.0181087,
-0.0574077,
0,
-1.09827,
0,
-0.392851,
-4.43538,
0,
0,
0,
-1.0407,
-4.3869e-05,
0,
-102.475,
-2.16977,
-0.833151,
-11.6562,
-4.84977,
-11.0222,
-0.27452,
0,
-3.21621,
-0.0535982,
-0.00612418,
-0.34929,
-6.99965,
-10.565,
-6.08094,
-13.2316,
0.00571722,
0,
-0.0916437,
-0.14816,
0,
-295.635,
0,
0,
-0.541532,
-0.617584,
-1.80623,
0,
-1.95985,
-16.8911,
-6.55191,
-5.99139,
0,
-0.0540764,
0,
-27.562,
-3.8147e-06,
0,
-0.025291,
0,
-0.0456152,
-0.0470614,
-0.397618,
0,
-11.6438,
0,
-0.349714,
0,
0,
0,
-23.2557,
-5.34957,
0,
-175.989,
0,
6.67572e-06,
0,
-488.435,
0,
0,
0,
0,
-0.152117,
0,
-0.0879429,
0,
0,
0,
0,
0,
-0.0530095,
0,
0,
-1.46027,
-1.43168,
-34.5905,
0,
-731.908,
0,
-0.0291337,
-7.98903,
-13.1511,
0,
-10.7544,
-12.7402,
-4.98756,
-4.98437,
0,
-0.333172,
-0.186935,
-0.00371595,
-5.88069,
0,
0,
0,
0,
0,
0,
0,
0,
-0.000155091,
-236.143,
0,
0,
-0.025531,
-0.0622088,
-0.806834,
-0.914257,
0,
-0.347135,
0,
-2.31356,
-5.13489,
0,
0,
-1.0306,
-0.790154,
-5.67436e-05,
0,
0,
0,
-2.90003,
-7.76806,
-9.52363,
-6.53976,
0,
-0.00354178,
0,
-13.524,
-0.0859042,
0,
-10.5794,
0,
0,
-0.0238268,
0,
0,
0,
0,
0,
-7.62939e-06,
-12.8077,
-0.0470961,
0,
0,
-0.972562,
0,
-385.348,
0,
-1267.83,
0,
0,
0,
0,
0,
0,
0,
0,
0,
0,
0,
0,
0,
0,
0,
0,
-6.65861,
-0.0447161,
-6.37856,
0,
-178.317,
0,
0,
0,
-0.398336,
0,
-1.07983,
-8.00708,
-10.9529,
-9.95183,
-0.0172989,
-0.341272,
0,
-0.56251,
0,
0,
-1.9531,
0,
0,
0,
-14.7466,
0,
-13.5518,
-5.14984e-05,
-0.32595,
0,
-0.471184,
0,
-1.02088,
0,
-0.0789363,
0,
-0.00132802,
-224.878,
-634.392,
-0.965574,
-18.3639,
0,
-19.3836,
-12.8379,
-1450.65,
0,
0,
0,
0,
0,
0,
0,
0,
-15.1922,
0,
-7.77637,
-4.57405,
0,
-0.0243028,
-0.221448,
0,
-13.9329,
-10.5431,
0,
-16.9081,
-0.411702,
0,
0,
0,
-0.0113224,
0,
0,
-0.397731,
0,
0,
-0.0119995,
-0.0898908,
-0.0964997,
0,
0,
0,
-3.44881,
-12.7038,
-13.3517,
-0.196948,
-237.163,
-67.5404,
0,
0,
-30.828,
-0.0164879,
0,
0,
-0.0165985,
0,
-816.34,
-0.0289693,
-0.0166256,
0,
-0.0981979,
0,
0,
0,
0,
0,
0,
-0.033476,
-6.67945,
-6.62538,
0,
-84.5662,
0,
-2442.75,
-1087.83,
-1.54525,
-7.94362,
-1.6727,
-12.6698,
-0.282857,
-0.0498528,
-0.736353,
-0.187141,
0,
0,
0,
0,
0,
-0.544199,
-5.55805,
-0.0688618,
0,
-4.91134,
-3.8147e-06,
-3.50475e-05,
-0.284695,
0,
-0.705639,
-0.0825779,
-1.90735e-05,
-2.51531,
0,
0,
-1.30914,
0,
0,
0,
0,
0,
0,
0,
-11.3951,
0,
-18.4334,
0,
0,
0,
0,
-0.0323295,
-0.0139146,
0,
-0.0370256,
0,
-0.0518694,
0,
-0.0174717,
0,
0,
-0.103883,
-7.44899,
0,
0,
-0.0698483,
-0.0585207,
0,
-0.49423,
0,
0,
0,
0,
0,
0,
0,
0,
-1578.49,
-199.709,
0,
0,
-18.391,
-0.0164842,
-0.151343,
0,
0,
0,
0,
0,
0,
0,
0,
0,
0,
0,
-423.939,
-117.443,
-368.031,
-18.727,
-0.270478,
0,
-0.235042,
-0.969403,
-55.1403,
-13.9,
0,
0,
-13.5648,
-0.395716,
0,
0,
0,
0,
-2.31378,
0,
0,
0,
0,
-18.3929,
-1.46654,
-28.1948,
-0.071618,
0,
-0.99747,
-11.8366,
0,
-10.995,
-235.575,
0,
-129.929,
-7.62939e-06,
-4.92025,
0,
-323.547,
-337.25,
0,
-20.5808,
-23.0655,
-0.160576,
0,
-0.0357221,
-36.3156,
-24.2558,
-11.9507,
0,
0,
0,
0,
0,
0,
-0.0463407,
-0.113431,
0,
0,
-0.57918,
0,
-0.272424,
-0.309955,
0,
0,
-2.30721,
0,
-255.125,
-29.854,
-0.0558912,
0,
0,
0,
0,
-11.6557,
-0.347759,
0,
-34.8357,
0,
-0.0447492,
-0.171435,
0,
0,
-127.296,
-23.1907,
0,
-21.1967,
-317.459,
0,
-25.4488,
-21.294,
0,
0,
0,
0,
0,
0,
0,
0,
0,
0,
-7.62939e-06,
0,
-242.665,
-215.788,
0,
-12.6581,
-4.95884,
-4.96424,
-0.0167522,
0,
-1.69184,
-0.206242,
0,
-0.49839,
0,
0,
0,
0,
0,
0,
0,
-14.5729,
-12.6386,
-896.252,
-0.000372171,
-2.31006,
-0.725801,
0,
-0.438721,
-5.71375,
0,
-1.90752,
-5.01483,
-2.97753,
0,
-3.8147e-06,
0,
0,
-0.0192935,
-0.475761,
-31.5316,
-30.5697,
-11.2569,
0,
0,
-2.64943,
-29.6875,
-24.3879,
-12.56,
-5.19659,
-14.1774,
-3.71509,
-0.320003,
0,
0,
0,
-0.130444,
0,
0,
0,
-0.291571,
0,
0,
0,
0,
0,
0,
0,
0,
-0.0305604,
-0.0480998,
0,
-0.0526945,
-0.0752475,
-0.344053,
0,
0,
-3.8147e-06,
0,
0,
0,
-0.0841763,
-0.13333,
-0.0106194,
0,
-0.0119557,
-0.135832,
0,
0,
0,
0,
-12.7767,
0,
0,
0,
-16.3349,
-0.518096,
-0.683245,
-28.001,
-0.578473,
-0.253094,
-0.363262,
-27.4965,
-23.4745,
0,
-0.00158087,
0,
-0.115038,
0,
-0.0679906,
0,
0,
-0.129385,
0,
0,
0,
-31.9317,
-30.9574,
-7.06579,
-101.407,
-7.18128,
0,
0,
0,
0,
0,
0,
-85.1122,
-189.281,
-312.492,
-73.108,
-0.651247,
-12.2549,
-11.861,
-1.74212,
-8.01242,
-1.42203,
-3.8147e-06,
0,
0,
-0.0547718,
-1.22188,
0,
0,
0,
0,
0,
0,
-22.2448,
0,
-11.3638,
0,
0,
-36.2567,
0,
-7.22603,
-148.043,
-11.5263,
-11.7022,
-0.153912,
-8.90122,
-4.16047,
-0.202577,
-0.000392318,
0,
-272.19,
-3.8147e-06,
-26.6698,
-0.725285,
0,
0,
-0.53848,
-12.1047,
-0.0546884,
0,
-254.298,
0,
-12.0034,
-953.995,
-960.015,
-0.885376,
0,
0,
-9.61984,
0,
-5316.03,
0,
-766.559,
-370.514,
-13.7766,
0,
-14.2773,
0,
0,
0,
0,
0,
0,
0,
-0.102077,
0,
0,
-0.022913,
-6.33167,
0,
-7.3736,
0,
0,
0,
-232.428,
-247.445,
-9.53674e-06,
-0.576437,
-0.10347,
-0.295768,
-0.253251,
0,
-485.479,
0,
-301.413,
-22.96,
-27.7104,
0,
-26.9881,
-0.807706,
-0.536341,
-7.08261,
-0.05391,
-6.33957,
0,
-0.0656693,
0,
0,
0,
-11.0733,
-12.6352,
-11.8185,
-4.95321,
-7.96193,
0,
-0.25108,
-0.75567,
-13.9293,
0,
-16.2937,
-1.52588e-05,
-24.3701,
-6.23201,
-12.7238,
-11.0139,
-10.7819,
-0.27174,
-0.0200946,
0,
-2.95639e-05,
-271.867,
0,
0,
0,
0,
-2.74126,
-130.869,
0,
0,
0,
0,
0,
0,
0,
-0.201115,
0,
0,
0,
-0.0402938,
-11.5805,
-12.8911,
-0.116813,
-3.3055,
0,
0,
0,
0,
-0.0734813,
0,
0,
0,
0,
0,
0,
-5.72205e-06,
-139.401,
0,
0,
-47.3737,
-54.0165,
-0.153867,
0,
-24.8545,
0,
-13.9924,
-0.323392,
0,
-24.8005,
-802.218,
-22.1073,
-0.497348,
0,
0,
0,
0,
0,
0,
-0.661674,
-23.2759,
-20.7337,
0,
-2.3365e-05,
0,
0,
-12.6412,
-5.00644,
-6.39823,
0,
0,
-0.309664,
0,
-0.41655,
0,
-12.9229,
-3.8147e-06,
-15.5122,
0,
-4.98026,
-12.7983,
-5.01148,
0,
-0.270541,
-8.58307e-06,
-94.0409,
0,
0,
-0.131285,
0,
-2.01975,
0,
0,
0,
0,
0,
0,
-141.316,
-0.0305766,
-0.0401035,
-0.0970439,
-6.50781,
-6.34412,
0,
-0.0016017,
0,
-20.6277,
-16.1156,
-1040.57,
-248.466,
-3.8147e-06,
-8969.02,
-117.731,
0,
0,
-274.467,
-1345.34,
0,
-1390.86,
0,
0,
0,
0,
-24.2798,
-25.9195,
-0.564031,
-487.661,
-946.327,
0,
0,
-6.37768,
-0.16433,
-5.92334,
-0.0888525,
-0.0309267,
-0.0545035,
0,
-0.0956886,
-0.0498234,
0,
0,
0,
-6.24077,
-6.18581,
0,
-30.84,
-23.2584,
-0.797258,
-658.701,
-46.8178,
0,
0,
-0.0149685,
-0.0210815,
0,
-7.99911,
-11.0456,
-10.7372,
-12.6398,
0,
-12.9113,
-11.8705,
-12.6344,
-5.00678,
-4.96505,
0,
0,
-0.945307,
0,
-0.227324,
0,
0,
-14.1152,
-8.05813,
-1.96701,
-1.84075,
-12.2026,
-0.623984,
-12.1845,
-88.1047,
-46.7553,
0,
0,
0,
0,
0,
0,
0,
0,
0,
0,
0,
0,
0,
0,
-0.0637403,
0,
-0.190797,
-13.9033,
0,
-16.2937,
0,
0,
-0.046536,
0,
-0.388617,
-7.2648,
-0.0986333,
-6.16005,
-0.039763,
-0.0302159,
-0.0569415,
-111.309,
-3.8147e-06,
0,
0,
0,
-29.2857,
0,
0,
0,
-2.69447,
0,
0,
0,
0,
-226.283,
-355.526,
-12.775,
0,
-0.0863846,
-0.235677,
0,
-0.175535,
0,
0,
0,
0,
0,
0,
0,
0,
0,
0,
0,
-74.1699,
-1281.85,
-1.714,
-8.01872,
-1.66736,
0,
-0.651488,
-0.197873,
-0.258086,
-0.971444,
0,
0,
0,
0,
0,
-11.0766,
0,
-8.05406,
-0.0493191,
-141.051,
0,
0,
-11.8832,
0,
0,
-2.43944,
0,
0,
0,
0,
0,
0,
-0.0186709,
-0.351042,
0,
0,
0,
-7.62939e-06,
0,
0,
0,
0,
-0.0866941,
0,
0,
0,
-19.568,
-1336.38,
0,
-25.3037,
0,
0,
-21.0131,
-1043.99,
-1030.84,
-20.829,
-1657.68,
-3.8147e-06,
-20.0233,
-27.3887,
0,
-25.5861,
-857.701,
-27.61,
-21.9141,
-0.374332,
-1762.07,
-0.633397,
0,
0,
0,
-7.8528,
0,
0,
0,
0,
0,
0,
0,
0,
0,
0,
0,
-292.074,
0,
0,
-861.206,
-1.48005,
-3.8147e-06,
0,
-3.8147e-06,
0,
0,
0,
0,
-11.0658,
-12.6648,
-10.7485,
-4.95885,
0,
-4.98459,
0,
-0.0484486,
-0.866789,
0,
0,
0,
-282.223,
0,
0,
0,
-14.0553,
0,
-12.9184,
-12.7056,
-11.0555,
-10.7476,
-3.8147e-06,
-109.03,
-29.7965,
0,
0,
0,
0,
0,
-0.332322,
0,
-0.188255,
0,
-0.570807,
0,
0,
0,
0,
0,
0,
0,
0,
-0.0131461,
0,
-0.342552,
-61.3971,
0,
-18.047,
0,
-570.224,
-14.6216,
-6.00874,
-0.162042,
-6.65046,
-0.0636064,
-6.76287,
-6.54783,
-22.4247,
-25.3748,
-31.0389,
0,
-0.265264,
0,
-24.2884,
-0.129509,
0,
-0.134207,
-180.806,
-0.284476,
-13.4626,
0,
0,
-0.079663,
0,
-0.0623382,
-0.0509001,
-0.0831144,
-6.26993,
-6.04484,
-0.06788,
0,
0,
-0.0335339,
-0.106607,
-0.106972,
0,
0,
0,
0,
-0.826142,
-23.5709,
-20.4134,
-80.92,
-0.158915,
-86.3848,
0,
-8.01356,
0,
-12.2883,
-11.5644,
-12.6727,
-0.307612,
0,
0,
0,
0,
0,
0,
0,
0,
0,
0,
0,
-2.47955e-05,
0,
-32.4856,
0,
0,
-0.341567,
-4.98698,
-0.424922,
-0.00556365,
-12.7428,
0,
-84.9186,
0,
0,
0,
-1.8029,
0,
-1.38855,
0,
0,
0,
0,
0,
0,
0,
0,
0,
-0.0541337,
0,
-0.0763733,
-0.0305354,
0,
-91.5309,
-0.539756,
-0.791642,
-0.527972,
-7516.09,
-24.7654,
-24.5174,
-0.569034,
-3.46883,
-0.0127789,
-0.138657,
0,
-23.7723,
-26.2156,
0,
-124.577,
0,
0,
-30.484,
-0.220012,
-6.37889,
0,
-5.74259,
0,
0,
-0.0564344,
0,
0,
0,
0,
0,
0,
0,
0,
-381.948,
-30.3313,
-0.559192,
-0.110104,
0,
0,
-0.0148076,
0,
-139.971,
-1.68114,
-8.03686,
-1.5777,
-0.234054,
-0.415817,
0,
-13.0423,
0,
-8.0453,
-8.04164,
0,
-85.5362,
0,
0,
-322.291,
0,
0,
0,
0,
0,
0,
0,
0,
0,
0,
0,
0,
-0.197972,
-0.0155888,
-0.208789,
0,
-35.454,
-3174.54,
-665.262,
-6.33882,
0,
-6.54088,
-620.42,
-27.0113,
-23.9015,
-0.814736,
0,
-27.5686,
0,
-27.3584,
0,
-3292.53,
0,
0,
0,
0,
0,
0,
0,
0,
0,
0,
0,
-11.9099,
-41.7927,
-3.8147e-06,
0,
-2487.16,
0,
0,
0,
-1003.02,
-1696.79,
0,
0,
0,
0,
0,
0,
-23.9154,
-67.4464,
0,
-2652.59,
0,
-41.7857,
-5.64839,
-1.43603,
-4.14848e-05,
-219.656,
-8.03065,
-11.0646,
-0.491829,
0,
0,
-14.1001,
0,
-13.334,
0,
0,
0,
-4.1008e-05,
0,
-5.72205e-06,
0,
-164.732,
0,
-509.041,
-25.9564,
0,
-0.0209257,
0,
-0.202177,
-0.0782877,
0,
0,
0,
0,
0,
-6.91071,
-7.47743,
-0.0214676,
-298.021,
-0.730499,
-24.3653,
-21.7309,
-650.046,
0,
-13.6678,
-133.791,
-0.664088,
-198.23,
0,
0,
-0.000198245,
0,
0,
-0.0236721,
0,
-0.0598932,
0,
-0.182958,
0.0176021,
-0.0130142,
-6.04407,
-6.92646,
-0.110465,
0,
0,
-0.0152413,
-0.154166,
0,
0,
0,
-0.0266606,
-0.0971697,
0,
0,
0,
0,
-75.7482,
-31.5942,
0,
0,
-0.00021467,
0,
-33.4881,
-1.53082,
0,
0,
0,
0,
0,
-63.7832,
-88.3047,
0,
0,
0,
0,
-37.6443,
-3.8147e-06,
0,
-415.053,
0,
0,
0,
0,
0,
0,
0,
-0.0218422,
-0.026692,
-0.436047,
-14.1777,
0,
-0.263475,
-0.555707,
0,
0,
0,
-0.0304073,
0,
-0.189455,
0,
-0.00153776,
-25.0189,
-0.236292,
-26.8451,
0,
0,
0,
-30.7718,
-31.7503,
-0.798825,
-28.9856,
-972.17,
-24.8888,
-320.215,
0,
0,
-22.0997,
-0.258296,
0,
-540.991,
0,
-19.5575,
0,
-6.68347,
-7.34659,
0,
0,
0,
0,
0,
0,
0,
-0.0150232,
0,
-249.994,
0,
-502.495,
0,
0,
0,
0,
-201.889,
0,
0,
0,
0,
0,
0,
0,
-108.759,
0,
0,
0.00577654,
-7.44368,
-6.35335,
-0.186517,
-0.13055,
-0.540837,
-21.2756,
0,
0,
-0.614529,
-25.623,
-25.3439,
-184.66,
0,
0,
-724.127,
0,
-421.401,
0,
-0.796849,
0,
0,
0,
0,
0,
-5101.45,
-24.4076,
0,
-19.9319,
-101.014,
0,
0,
-3481.28,
-21.16,
-19.61,
0,
-7.08412,
-0.0671963,
-6.5607,
-0.0736663,
0,
0,
0,
0,
0,
-213.597,
0,
0,
0,
0,
0,
0,
0,
0,
0,
0,
0,
-79.5568,
0,
0,
0,
0,
0,
-0.088693,
-0.0778713,
0,
-0.262669,
-0.0167335,
-6.68824,
-0.0779626,
-6.77056,
-15.584,
-19.9619,
0,
-25.9976,
-0.566438,
0,
0,
0,
-30.5174,
-11.9032,
0,
-0.0377338,
-0.798305,
-0.807458,
-22.0477,
-3210.41,
0,
0,
0,
-0.542494,
-0.653559,
-28.3113,
0,
-23.2716,
-21.4317,
-0.00320913,
-7.18103,
-7.0033,
-0.0874837,
0,
-0.0777963,
0,
-0.0292785,
-0.184069,
0,
-0.108149,
0,
-0.0795298,
0,
0,
0,
0,
0,
-201.443,
0,
0,
0,
0,
0,
0,
0,
0,
0,
-780.917,
0,
0,
0,
0,
0,
-0.538052,
0,
-0.0700046,
0,
-1233.52,
-8.76188e-05,
-0.0219313,
-0.0292269,
-7.4239,
-6.21735,
-0.0316624,
-1.85966e-05,
-0.022733,
-3.15976,
-0.0972481,
-5.05267,
-0.149429,
0,
-26.7559,
0,
-3.19481e-05,
0,
-3.8147e-06,
-1425.63,
-22.9249,
-0.559944,
-22.4201,
-457.71,
-801.461,
-27.9242,
-840.271,
-0.396276,
-27.5566,
-24.0421,
0,
-0.248661,
-2552.1,
-77.7076,
-1139.25,
-1.62125e-05,
-234.82,
-0.14121,
-0.0976218,
-0.243885,
-0.0326078,
0,
0,
0,
0,
0,
0,
0,
0,
0,
0,
0,
0,
0,
0,
0,
0,
0,
0,
0,
0,
0,
0,
0,
0,
-0.0830584,
-0.033284,
0,
-3.05754,
-192.807,
0,
0,
-0.619945,
0,
-6.18557,
-0.128189,
-601.838,
0,
0,
-0.0186472,
-24.9121,
0,
-23.9108,
-283.167,
-0.539078,
-25.9622,
-18.2489,
-353.068,
-2214.53,
-25.5077,
-20.9994,
-7.04063,
0,
-7.33295,
-0.0350089,
0,
0,
0,
0,
0,
0,
0,
0,
0,
0,
0,
0,
-0.0526466,
0,
-0.15733,
-0.0131997,
-0.0396864,
-0.0581792,
0,
0,
-0.628446,
0,
-4986.45,
-0.0873211,
-6.85606,
-0.292423,
-5.85508,
0,
0,
-0.254392,
-24.752,
-23.9106,
0,
-0.0797077,
0,
0,
-286.817,
-0.533534,
-5.72205e-06,
0,
0,
0,
-149.326,
-3.8147e-06,
-0.0942549,
-7.30828,
-7.73095,
0,
-0.0473478,
-0.150349,
0,
-0.00183367,
-0.188183,
0,
-0.0953047,
0,
-0.0881378,
0,
0,
0,
0,
0,
0,
0,
0,
0,
0,
0,
0,
-0.098549,
0,
0,
-38705.2,
0,
-93.0478,
-2.43187e-05,
-13.8369,
0,
-6.12047,
0,
0,
0,
0,
-0.624328,
-24.4816,
-21.5492,
-29.4709,
-8322.24,
0,
-0.112892,
-0.233515,
-0.0294675,
-0.0783084,
0,
0,
-0.0832015,
0,
-0.138087,
-0.0618955,
0,
-0.0156095,
0,
-0.180917,
-0.118471,
0,
0,
-7.30612,
-7.1359,
-7.70092e-05,
0,
-0.0874108,
-15.4211,
-281.641,
0,
0,
-6.69467,
-0.0716268,
-7.34794,
-27.3946,
-0.312426,
-23.5652,
-1949.49,
-51.9549,
-249.359,
0,
-0.000176609,
-897.208,
-7.07097,
-5.89163,
-10.5816,
0,
-1687.51,
0,
-0.0519555,
0,
-0.0478673,
0,
0,
-0.122687,
0,
-14087.2,
0,
0,
-20.8765,
0,
-603.244,
-720.444,
-16.518,
0,
0,
-22.8883,
0,
-0.54447,
-27.6142,
-23.2835,
0,
0,
0,
0,
0,
-21.9881,
-0.846285,
-20.442,
0,
-406.45,
0,
-173.85,
-7.33534,
0,
-6.54781,
-0.0753617,
-0.064731,
0.00420746,
-0.02583,
-0.057921,
0,
0,
-6.32355,
-7.07296,
-3.02602,
0,
-0.0437226,
0,
-897.348,
0,
-22.4821,
-23.3502,
-0.462286,
0,
-340.147,
0,
2.90871e-05,
0,
-3.8147e-06,
-1668.16,
0,
-3.8147e-06,
-18.3285,
-40.8728,
-3.8147e-06,
0,
-6.32748,
0,
-7.55787e-05,
0,
-27.172,
-3581.88,
-137.188,
-17.7256,
0,
-24.165,
-0.233281,
-1587.67,
-23.5652,
-1.52588e-05,
-21.9078,
0,
-7.72899,
-0.11521,
-665.738,
-27.4764,
-410.413,
-29.7013,
-0.531424,
-0.64547,
0,
-1917.12,
0,
-23.8164,
0,
-70.5571,
0,
-5.72205e-06,
-81.0547,
0,
-228.443,
0,
-23.9769,
-1090.88,
-27.9473,
-0.809873,
0,
-0.0291323,
-526.34,
0,
-0.166303,
0,
-58.8883,
0,
-52.3513,
0,
0,
0,
0,
0,
-84.0166,
0,
-24.3861,
-21.5301,
-25.2716,
-261.282,
-23.2952,
-21626.9,
-26.3972,
-26.9508,
-0.514537,
-28.9295,
0,
-18.834,
-0.590663,
-0.0414265,
0,
0,
-80.1313,
0,
0,
0,
0,
0,
-856.579,
-0.0236926,
-105.622,
-0.568078,
-0.659484,
-193.621,
0,
0,
0,
-1.52588e-05,
-25.6022,
-26.5083,
-0.842114,
-372.085,
-815.66,
-0.167805,
0,
-0.0829407,
-3.8147e-06,
-76.6489,
0,
0,
0,
0,
-1071.91,
-22.348,
-20.1744,
0,
0,
-0.0236938,
0,
-27.8637,
-23.838,
-0.880109,
-27.1265,
0,
-24.1396,
-0.100481,
-72539.6,
-0.303824,
-0.561166,
0,
0,
0,
0,
-0.0236894,
0,
-0.170737,
-25.6406,
-23.7872,
-352.356,
0,
0,
0,
-41.8845,
-25.0011,
-25.1688,
0,
0,
0,
0,
-1.92158,
-0.0714424,
-0.138872,
0,
-10.5398,
-13.9371,
0,
0,
0,
0,
0,
0,
0,
0,
0,
0,
0,
-8.01086e-05,
-0.756397,
0,
-742.881,
-23.3676,
0,
0,
0,
-7.58037,
-0.861111,
-23.107,
0,
0,
-16.9019,
-0.466117,
-0.0656983,
-0.440383,
0,
0,
0,
0,
0,
-0.915718,
0,
0,
0,
-1.86769,
0,
-1.91731,
0,
0,
0,
0,
0,
-0.458569,
0,
0,
0,
0,
0.0658655,
0,
0,
0,
0,
0,
-868.314,
-1112.02,
0,
-1585.2,
0,
0,
0,
0,
0,
0,
0,
0,
0,
0,
-5556.59,
0,
-6437.51,
-6.71269,
-0.0151862,
0,
-1.77771,
-0.435666,
0,
-0.0659634,
0,
-0.321941,
-0.439682,
0,
-0.0692928,
0,
0,
0,
-56.9054,
-1.03517,
0,
0,
0,
-0.0205281,
