51.0493,
22.4237,
22.9669,
52.8839,
39.4415,
36.402,
104.59,
12.1704,
64.7609,
112.414,
16.7317,
37.0093,
22.3266,
42.9004,
0.00128349,
52.6119,
104.082,
22.0954,
47.9022,
22.1004,
45.4821,
38.0501,
104.57,
16.7373,
61.0705,
0.000571785,
37.0766,
41.3633,
42.8389,
4.30993,
45.3776,
0.00394486,
3.15224,
0.000258362,
3.09949e-05,
0.000317584,
0.000379184,
34.1547,
27.9052,
21.7531,
7.19293,
7.22693,
41.8259,
0.00543127,
37.0756,
36.5655,
3.8062e-05,
21.8731,
32.6355,
33.717,
7.20579e-05,
4.30654,
42.836,
0.000576355,
53.1253,
7.21268,
0.00114827,
42.687,
39.8645,
0.00706728,
0.000558916,
3.7375,
14.9874,
0.000283977,
0.000555735,
0.000894117,
0.000436765,
31.2284,
25.7056,
33.746,
21.7814,
26.491,
40.4869,
4.11285,
41.5429,
48.6998,
7.40226,
59.1561,
8.5622e-06,
0.00470627,
35.8311,
34.0028,
0.000696357,
0.000593553,
0.00146065,
0.00108384,
7.22007,
44.1469,
0.00083494,
30.7643,
22.0567,
3.24563,
0.000633433,
0.000648404,
23.4076,
24.3067,
0.00101337,
19.0471,
33.4932,
0.000837816,
35.9842,
30.4278,
22.4736,
23.0379,
47.898,
0.00113889,
45.5483,
0.0011719,
0.000856917,
33.281,
32.0777,
0.00010901,
38.8501,
36.4977,
0.00533467,
3.31498,
3.80577,
25.4123,
0.0015134,
0.000596143,
33.1463,
0.000367969,
31.5764,
0.00598823,
36.0528,
0.00126414,
26.6614,
3.3047,
34.959,
41.8334,
7.12205,
7.07569,
7.23154,
37.5562,
6.64813,
42.5186,
21.6954,
30.282,
21.8496,
23.9344,
41.815,
9.75752,
46.1141,
30.3486,
42.2417,
21.6644,
0.000136786,
0.000109813,
1.23918,
2.04037,
22.9469,
32.2108,
27.3,
0.0001243,
0.000981728,
0.000750644,
0.00108246,
7.13825,
7.34552,
6.6809,
7.39118,
6.20123,
6.22693,
5.96152,
31.8086,
22.0531,
34.035,
15.9985,
3.03257,
18.4097,
87.3312,
36.0397,
0.000758795,
36.951,
45.4208,
0.00169472,
43.2995,
0.000948181,
7.70118,
8.13749,
0.000159144,
4.53255,
0.000373607,
28.221,
30.0165,
0.00106605,
34.2444,
6.54588,
36.7748,
0.000263032,
35.6513,
33.6601,
0.00394242,
2.00378,
0.000162547,
0.000134366,
0.000655022,
0.000180203,
0.0016693,
2.1811,
0.00048644,
30.4554,
22.3627,
31.8894,
30.8344,
0.000258156,
27.4399,
28.0154,
0.001058,
32.2767,
33.3118,
0.668732,
32.7014,
0.000643326,
35.395,
34.1062,
0.00468294,
7.15381,
6.20171,
6.64713,
23.8201,
31.7161,
27.5224,
55.8899,
7.07557,
7.34601,
27.8021,
40.5448,
7.12167,
45.1523,
6.1715,
0.0167971,
30.5421,
0.000714561,
0.000241394,
0.000137853,
13.8515,
0.00330704,
33.0082,
31.988,
20.6367,
2.98852,
102.117,
0.000952202,
0.00015964,
0.000406743,
5.39531e-05,
0.000113244,
0.0167243,
6.15835,
6.17562,
6.17994,
38.9017,
0.000597345,
12.1604,
43.7898,
31.0448,
4.81806,
38.6221,
8.00879e-05,
38.0812,
0.0001236,
37.7354,
43.1797,
0.0012796,
36.362,
0.000707407,
159.199,
134.508,
31.2119,
0.000118257,
29.1307,
14.775,
34.3458,
3.30561,
41.9682,
0.000883138,
0.000312352,
32.9332,
27.0103,
0.00563081,
7.23293,
7.23511,
5.68764,
6.15823,
6.17126,
36.251,
10.8441,
7.15235,
12.0001,
5.62146,
10.9712,
50.4223,
72.509,
40.444,
0.000156264,
26.5812,
0.000558674,
0.000857904,
0.000284542,
0.00107526,
16.0042,
19.0671,
17.4589,
49.8038,
0.000798519,
9.95953,
8.16223,
43.3843,
0.0106017,
4.54258e-05,
6.91771,
36.0533,
0.00154454,
21.5906,
38.0529,
0.000480876,
35.2997,
44.1576,
6.17223,
7.35889,
0.00639688,
34.856,
49.3475,
26.5017,
7.23393,
0.00101728,
31.2428,
18.4967,
0.00033149,
6.26015,
5.49559,
43.3438,
43.5334,
44.5803,
16.0625,
53.5764,
2.99499,
35.6462,
6.16358,
6.1689,
6.07048,
6.17255,
80.2991,
41.7671,
29.7302,
178.022,
104.192,
37.0444,
72.5079,
15.701,
40.5121,
35.835,
1.63416,
7.36066,
2.20045,
30.8855,
0.00101051,
10.1329,
113.417,
6.82977,
51.4298,
9.70884,
18.6629,
0.00184991,
2.41504,
2.41678,
9.05425,
3.71115,
8.79091,
0.000401328,
0.000374549,
38.0935,
5.74814e-05,
31.2094,
0.00177459,
30.8635,
53.3132,
50.6917,
50.1037,
4.20634,
0.00135985,
11.2949,
0.000956253,
0.000132874,
0.000451168,
6.11164,
7.32949,
6.16277,
32.8936,
0.00216247,
54.5695,
0.00647647,
0.000178947,
0.000974566,
3.6345e-05,
4.71579,
35.2073,
0.000664855,
23.7376,
25.6865,
0.0402989,
23.8412,
126.76,
0.347477,
20.3778,
17.3727,
9.06354,
0.000942676,
7.25269,
18.1274,
38.075,
8.94532e-05,
4.31801,
4.30776,
4.33253,
0.000569922,
0.000593714,
38.0815,
37.7345,
0.000442795,
47.7217,
26.1463,
31.1761,
46.7614,
0.000643095,
29.9344,
22.7243,
6.28377,
7.14446,
14.8081,
8.68226,
2.74341,
0.00052135,
42.0889,
2.1325,
7.32828,
0.922704,
4.98848,
0.000516034,
6.64211,
0.025423,
0.000868589,
6.64569,
28.7018,
33.7013,
37.041,
126.751,
2.48871,
4.53246,
3.59274,
4.12887,
0.00154894,
2.41615,
2.41502,
28.2948,
0.000658137,
28.7685,
0.00100791,
0.000568022,
0.000708661,
15.9604,
17.6286,
17.362,
51.7952,
48.9333,
12.5283,
33.4085,
0.00114143,
43.8867,
16.9995,
12.3599,
7.17151,
12.351,
45.283,
67.1119,
0.00572378,
39.0311,
22.4761,
49.368,
52.7803,
35.4284,
48.868,
0.0505956,
4.73276,
6.21109,
3.87681,
12.6184,
12.7724,
10.1156,
5.04935,
6.97393,
4.3176,
4.31521,
4.31684,
3.59938,
4.3733,
13.4253,
9.30265,
3.81019,
8.78467,
38.0741,
0.00141665,
38.0942,
0.000146481,
31.2098,
0.00147821,
30.8636,
49.0632,
46.6727,
48.7734,
18.3415,
0.000782849,
0.000815026,
7.46703,
3.23535,
0.023935,
46.9323,
0.0162706,
43.3013,
45.7913,
6.11288,
36.3003,
83.5209,
102.624,
49.9633,
102.61,
80.8272,
47.222,
21.7548,
21.8753,
21.7981,
50.1721,
0.000322472,
4.57716,
6.09802,
15.959,
15.9718,
17.1497,
5.63145,
0.000376771,
11.9163,
15.9731,
3.7113,
3.86509,
3.71666,
0.000681758,
4.31668,
0.000511112,
0.000505761,
38.0815,
37.7329,
0.000339335,
48.1726,
18.1465,
61.8176,
35.9325,
1.16832,
9.60799,
1.50605,
0.000373375,
37.6176,
0.00128256,
32.8972,
51.8166,
7.06193,
143.405,
64.9503,
9.59753,
67.4993,
92.0684,
77.5655,
22.0645,
29.6211,
22.0495,
12.5971,
113.442,
178.048,
40.5122,
27.073,
43.9376,
51.2387,
104.193,
26.8354,
57.4505,
7.92595,
36.1239,
13.3321,
73.6697,
14.9967,
20.7092,
14.5342,
16.0686,
16.9281,
18.2571,
16.0074,
16.8051,
16.0641,
47.7317,
50.6682,
50.0671,
0.000235331,
46.6832,
3.59614,
3.60036,
3.56831,
4.31591,
4.3169,
4.31379,
3.59013,
4.34675,
4.75094,
4.63334,
0.000860192,
2.41668,
2.41622,
28.2943,
0.000151759,
28.7698,
0.000920048,
0.00068987,
0.000950586,
47.8022,
48.8932,
15.2021,
0.000601428,
9.34984,
19.0528,
36.22,
0.00145869,
0.0110572,
80.0375,
9.51566,
32.7724,
46.2609,
0.00481335,
57.2312,
47.6069,
22.5185,
22.8565,
54.5653,
92.0676,
62.1914,
22.4677,
0.000477543,
5.35505,
17.5518,
49.0918,
52.9826,
76.7823,
55.6099,
17.5837,
4.31254,
3.59719,
3.59068,
3.5982,
7.19275,
14.5625,
8.52979,
3.64663,
8.2427,
38.0751,
0.00139176,
38.0916,
0.000797988,
4.31802,
4.31603,
4.31529,
3.59908,
31.2095,
0.00257226,
30.8643,
18.1565,
0.000968975,
0.000506604,
30.3647,
52.625,
24.6394,
60.5826,
388.419,
26.3413,
29.6947,
40.7394,
40.7264,
114.375,
2.93662,
72.5021,
72.5092,
57.2303,
63.5383,
0.00479817,
22.9345,
37.4206,
53.1994,
46.7233,
0.00037572,
7.58496,
6.3883,
2.57537e-05,
0.224671,
5.5548,
8.38589,
17.9811,
18.3032,
7.23906,
53.3038,
18.1971,
12.7881,
0.000720256,
11.7445,
3.60152,
3.59892,
3.61391,
4.31552,
4.31351,
4.31262,
3.60574,
0.000263803,
0.000263184,
0.000675145,
38.0809,
37.7351,
0.000278919,
40.9044,
0.148656,
5.3465,
4.93875,
345.909,
343.362,
191.055,
28.857,
102.475,
224.342,
0.000729152,
0.000202051,
5.37938,
22.4388,
49.8501,
36.811,
3.67118,
0.000206988,
0.000874851,
5.42593,
18.1008,
48.9756,
51.9086,
12.9449,
47.8147,
43.1392,
43.1377,
11.5274,
64.0744,
49.1754,
10.9687,
12.1813,
4.31687,
4.31742,
4.31451,
3.59692,
3.59897,
3.59769,
4.31713,
3.59099,
3.59801,
3.56768,
3.60023,
4.31761,
3.59969,
28.2944,
28.7682,
9.82651e-05,
0.000927495,
0.000432383,
0.000569031,
32.7521,
18.2625,
38.5952,
8.62554,
14.3788,
6.21621,
29.6226,
11.4547,
22.3839,
62.382,
38.9471,
9.00761,
42.9996,
22.0538,
31.2854,
4.25032,
6.14767,
0.00217647,
0.712745,
5.8089,
0.00051418,
11.161,
14.7082,
14.5293,
8.42871,
16.7137,
9.52267,
10.8191,
11.8708,
13.5103,
12.1809,
43.1394,
18.9766,
4.31465,
4.32647,
4.36168,
4.31737,
4.31654,
4.31469,
3.60042,
3.59567,
3.59737,
3.59005,
4.31968,
0.000707191,
38.0746,
38.0939,
0.001224,
2.4151,
2.41662,
4.31667,
4.3171,
4.316,
31.2092,
0.00126292,
30.8637,
2.098,
2.09425,
2.08353,
2.10217,
3.56774,
3.56847,
8.62513,
2.21018,
4.55487,
4.08421,
14.3826,
25.7054,
98.8131,
74.4747,
22.0322,
0.000737094,
26.5497,
26.3423,
21.6763,
33.9003,
29.4949,
0.000635405,
0.00286076,
46.7185,
37.7028,
0.00556542,
5.99447,
6.3113,
0.444297,
14.3869,
14.3809,
12.1802,
4.69766,
7.69453,
5.3012,
0.000735802,
0.00066406,
1.10211e-05,
2.06491,
3.71324,
1.52879,
4.29005,
4.31676,
3.5903,
3.59167,
3.71702,
3.59686,
3.59957,
3.59812,
4.31485,
4.31404,
4.31346,
0.00165501,
0.000123181,
4.31804,
3.59675,
3.59824,
3.56992,
0.000570749,
0.00036516,
38.0815,
37.7347,
0.000911364,
42.289,
1.82697,
29.5554,
0.0101175,
11.388,
3.72254,
0.00626227,
49.2788,
45.071,
14.7067,
11.9367,
30.7504,
61.2935,
49.183,
76.7677,
126.35,
4.66729,
14.3795,
4.25328,
8.62577,
3.59244,
3.60233,
3.59668,
3.58986,
3.56906,
4.315,
3.59039,
4.31581,
3.59083,
3.58121,
0.0015804,
2.41617,
2.41709,
28.2943,
0.000588186,
28.7698,
0.000134598,
0.000556188,
0.000717516,
2.00037e-05,
2.11067,
2.10365,
2.09666,
2.09791,
1.91998,
1.90703,
2.45009,
2.10241,
2.10659,
2.09123,
21.7059,
60.3529,
39.9419,
8.89009,
0.157287,
7.87548,
12.6347,
38.3553,
21.8499,
0.000468015,
0.0008487,
0.439878,
14.3809,
9.64291,
14.5333,
12.875,
16.5141,
37.937,
30.8131,
7.80476,
44.0222,
7.02358,
8.62569,
8.62575,
4.23874,
3.56771,
0.000744456,
2.45826,
0.000393758,
3.03229,
49.1374,
0.000466309,
9.18934,
4.34675,
4.30843,
4.30853,
2.45826,
1.5708,
3.59934,
1.53392,
3.60004,
3.59635,
3.59086,
3.56796,
4.31694,
4.31451,
4.31506,
3.59908,
3.59782,
3.59719,
3.58966,
0.000298378,
38.0745,
38.0934,
4.31757,
4.31521,
4.36873,
3.60029,
4.31895,
31.2085,
0.0013002,
30.8648,
1.91928,
1.91611,
2.51345,
1.95373,
2.11822,
2.80471,
34.1994,
18.3934,
0.000644211,
28.051,
27.7952,
8.87514,
0.00082262,
0.0072568,
33.6902,
30.1777,
4.83942,
8.30808,
2.74413,
4.24414,
21.0157,
242.574,
171.36,
14.5343,
9.4479,
363.202,
9.59184,
1.91392,
2.42414,
3.56858,
4.09529,
0.000358874,
0.000522897,
0.00102044,
0.782759,
0.00056555,
0.000439516,
0.000769579,
152.456,
90.7887,
16.7443,
2.13685,
2.45821,
4.30852,
4.30858,
2.45825,
1.61985,
3.59971,
1.62952,
3.60008,
3.5912,
3.59685,
3.59688,
4.31655,
3.59898,
0.00123401,
0.000915823,
3.59624,
3.60023,
3.54138,
0.00052245,
0.000335082,
38.0816,
37.4794,
0.000905079,
1.94103,
7.823e-05,
5.83514,
2.10268,
2.10901,
2.10602,
1.92818,
1.91093,
1.93644,
2.10453,
2.10362,
2.10986,
0.000380077,
2.4839,
42.2148,
63.6812,
0.711608,
0.000468468,
1.57913e-05,
5.05715e-05,
32.8944,
10.9295,
8.17617,
12.5602,
74.5043,
161.796,
72.1787,
14.3735,
11.3695,
81.9521,
163.566,
11.2296,
14.011,
8.64432,
2.09363,
5.17814,
6.79661e-05,
50.4427,
0.000441909,
2.45825,
4.30854,
4.30849,
2.45825,
1.62959,
3.59998,
1.69635,
3.59896,
3.59789,
3.61028,
0.000105774,
2.63999,
9.92303,
4.4888,
4.32603,
13.5813,
28.294,
0.000360171,
28.797,
0.000433755,
6.43312e-05,
8.83499e-05,
38.9303,
12.2049,
34.0015,
2.10467,
1.92094,
2.11408,
2.08435,
1.94977,
6.47951,
0.00083494,
0.000453933,
0.000349463,
0.574421,
43.0789,
35.0959,
1.40884,
0.000586465,
2.05671,
8.47451,
394.996,
30.632,
108.59,
11.3926,
11.2352,
43.1415,
97.8722,
330.881,
0.000318681,
108.382,
132.714,
27.8961,
28.5762,
7.09969,
0.000310724,
0.000394887,
0.000478618,
0.000965812,
2.45826,
3.60046,
3.59627,
3.56801,
3.59096,
3.59701,
3.60311,
3.23228,
0.000661453,
38.0756,
56.3813,
3.5864,
14.3207,
31.2094,
0.00152474,
35.5162,
2.10773,
2.10366,
2.11322,
2.11239,
4.35552,
8.79154,
8.76945,
0.000603975,
28.2558,
27.79,
0.000107774,
5.85939e-05,
2.4984,
16.2453,
32.0031,
39.7107,
108.56,
363.167,
0.00706768,
14.1876,
8.27991,
7.63012,
9.41527,
2.11573,
9.4474,
154.264,
52.1397,
36.9529,
0.000396248,
0.000364639,
8.63008e-05,
0.000159649,
27.546,
17.4049,
10.9644,
0.000519091,
43.5151,
21.775,
17.5297,
0.000455662,
0.000434028,
0.00101435,
0.000329153,
0.000322032,
3.59149,
4.31743,
4.31467,
4.20346,
4.30749,
4.31257,
4.33419,
3.68246,
3.60456,
9.12158,
6.82587,
3.33179,
3.61271,
9.41967,
9.24071,
4.33034,
4.32175,
4.32017,
10.9091,
0.000780052,
0.000962006,
37.6012,
42.8382,
0.00118137,
1.92834,
2.10464,
2.10706,
2.11672,
1.92568,
1.90852,
1.92145,
1.91089,
2.09406,
2.11477,
9.20027,
1.92168,
1.91103,
6.65895,
2.09849,
8.13566e-05,
0.000773203,
1.41455e-05,
1.89498,
34.6022,
40.4302,
0.00091261,
2.24536e-05,
10.3248,
43.1882,
6.82023,
0.000463667,
1.00388,
0.832423,
8.46176,
6.38047,
12.4375,
3.45021,
66.449,
10.8852,
18.3832,
0.000175881,
0.000632801,
0.325406,
0.000536598,
4.03741e-05,
0.185405,
0.000344869,
1.7505,
3.60007,
1.51321,
3.59682,
3.60359,
4.25101,
18.1016,
44.8007,
47.2154,
9.26178,
3.58126,
3.58745,
11.9774,
17.9829,
18.2991,
16.8129,
32.9469,
14.4264,
38.2743,
0.000170045,
3.18682,
19.8063,
36.3535,
4.45565,
34.024,
2.10116,
2.11308,
2.10732,
2.18072,
1.92084,
1.91762,
6.64498,
6.85596,
9.17453,
0.00071623,
0.000319581,
0.000669744,
0.000216021,
45.3335,
16.3369,
16.1953,
15.3743,
25.2396,
15.1486,
0.000737437,
0.00128239,
0.000381014,
43.1838,
11.1911,
43.1835,
30.7972,
492.072,
133.453,
43.1255,
118.051,
161.628,
73.1389,
81.0876,
75.3763,
18.9756,
1.48918e-05,
0.00020919,
0.000199928,
32.2205,
6.00961,
11.6527,
0.000623815,
0.000613774,
21.7975,
17.3711,
22.0349,
43.3027,
0.430037,
0.000496429,
0.000313758,
0.973849,
0.477373,
0.000379862,
0.00113695,
0.000861898,
0.000385848,
0.00026194,
0.000385812,
3.60058,
4.30854,
2.45821,
2.87194,
4.30848,
3.60977,
3.58233,
9.09522,
9.02285,
4.0514,
11.4718,
4.31921,
4.31687,
12.9534,
9.49522,
123.927,
43.3556,
102.78,
586.727,
18.2624,
18.1919,
17.5539,
17.155,
0.00125951,
36.0398,
37.5154,
0.000681029,
2.10058,
9.1281,
2.10116,
9.03762,
45.6367,
45.4336,
38.8923,
16.2802,
45.9005,
0.000645632,
28.2135,
28.9244,
0.000293663,
40.2656,
41.9677,
1.90274,
35.2614,
34.959,
5.05266e-05,
0.000124608,
0.000239923,
0.000745692,
44.5635,
0.000619909,
9.95556,
1.80844,
6.5813,
15.1837,
43.1833,
0.00015192,
43.1492,
21.8608,
25.5979,
0.000769705,
0.000449188,
5.66008,
0.652346,
11.8742,
18.1558,
43.5318,
51.1211,
44.5818,
16.0856,
0.000557842,
34.1208,
43.9644,
15.8209,
0.959505,
2.1078,
2.24148,
2.45002,
1.91013,
6.83821,
6.80377,
2.09329,
6.84538,
45.3578,
45.4822,
53.8961,
16.3118,
16.3107,
15.4867,
45.3291,
15.9581,
0.000323872,
7.39431e-05,
0.00072762,
1.78385,
0.000295998,
10.9011,
74.4967,
22.301,
6.81208e-05,
0.000175538,
1.05998,
0.000176449,
0.000536724,
0.000157123,
0.0167096,
0.0191774,
34.9992,
14.1838,
0.000260206,
14.9688,
0.000307847,
0.000151988,
0.000374389,
1.35483,
0.000433978,
13.157,
379.116,
252.657,
32.8705,
43.1654,
0.00845555,
0.991889,
27.9752,
63.5816,
0.00165576,
8.94735,
0.00136179,
0.000682762,
1.84297,
3.58861,
7.34353,
8.96306,
4.29014,
2.45819,
8.49411,
13.5103,
47.7989,
48.9525,
50.079,
314.381,
433.783,
424.475,
38.0503,
16.0052,
51.7925,
53.3175,
48.9457,
42.7236,
15.959,
16.0492,
8.63646,
6.28556,
9.48646e-05,
58.2255,
0.000229507,
0.000695493,
78.5922,
34.7169,
26.3298,
47.7629,
4.18453,
2.10636,
2.1076,
2.12282,
2.10782,
1.91686,
1.92357,
1.93446,
9.15045,
3.62888,
11.8946,
45.2057,
45.4948,
45.3673,
16.3124,
15.985,
15.5142,
44.8663,
44.2804,
6.56378,
15.1269,
4.47111e-06,
0.000339611,
0.000578082,
7.75754,
45.1213,
11.3812,
48.6794,
43.1454,
0.000507973,
0.000368793,
5.72357e-05,
0.000878255,
0.000295806,
0.000915002,
4.4562,
0.0190613,
24.8582,
11.581,
43.1874,
14.4835,
14.5515,
0.000605311,
47.7351,
59.1152,
0.0193276,
0.00020516,
0.000155323,
1.53201,
1.98067,
4.66851,
0.00617233,
0.00785539,
0.315525,
0.000990028,
1.29803,
0.000390363,
152.098,
104.982,
16.7892,
6.37633,
42.9894,
331.023,
5.19871,
0.00167781,
6.69751,
18.3389,
18.1447,
17.3643,
53.3037,
51.9237,
55.5863,
48.8978,
49.1025,
57.9314,
47.7942,
48.2413,
17.5843,
70.3874,
43.374,
47.3142,
1.78865,
30.8692,
22.7093,
39.9574,
0.00193535,
74.4748,
46.033,
16.3428,
15.139,
15.1402,
6.1103,
0.00072777,
30.7741,
39.5438,
1.78511,
35.178,
36.9592,
0.000741734,
24.6906,
6.5508,
50.4078,
0.000158058,
13.439,
13.3032,
43.1428,
43.1375,
12.8753,
14.1848,
43.1833,
53.1004,
73.2179,
12.6258,
22.4612,
74.9025,
0.00090863,
0.000773982,
1.02479,
0.000110242,
0.000737557,
42.9612,
21.5528,
22.1855,
0.00411365,
2.43097,
561.758,
22.8665,
54.9132,
10.4111,
3.55096e-06,
97.8961,
0.000754606,
18.1316,
17.6316,
17.4585,
50.9566,
47.8953,
46.9915,
11.3135,
15.9701,
15.9708,
7.14911,
34.1713,
137.655,
15.8105,
0.0203482,
138.338,
79.212,
0.00201305,
9.96578,
53.7111,
8.64307,
50.6683,
9.06844,
48.4415,
7.40541,
7.70065,
7.06954,
22.5095,
22.0712,
41.6496,
0.00488448,
39.9582,
74.444,
41.742,
11.0161,
2.107,
29.4839,
35.0813,
4.66817,
2.05216,
2.39515,
1.92138,
1.91151,
2.19984,
2.11478,
9.42564,
1.92244,
7.15403,
6.9021,
10.7348,
57.4246,
49.0596,
47.3007,
54.3274,
49.7019,
45.0945,
16.394,
16.3214,
15.4563,
15.9822,
44.7348,
7.0492,
11.5186,
43.1993,
1.71137,
39.8421,
0.00108708,
0.000487763,
29.5541,
0.000983285,
27.1593,
0.000771232,
0.000462423,
5.51161,
1.22478,
0.00046053,
48.6877,
13.1723,
27.504,
463.327,
12.1856,
43.1523,
13.3467,
0.0106313,
0.000268389,
0.00887827,
105.872,
0.000531279,
0.000132551,
0.00100288,
83.4382,
85.6129,
127.229,
0.0204789,
11.1176,
14.5825,
0.00545187,
0.000736826,
2.08518,
2.08109,
1.57035e-05,
0.000470299,
6.74309,
12.2593,
1.29849,
0.0061715,
4.32651,
43.2999,
161.777,
73.1179,
0.000963518,
0.00109552,
13.6408,
0.000681958,
6.14537e-05,
10.1806,
6.82248,
18.6601,
76.7458,
16.0644,
15.9573,
6.59797,
1.93349,
0.00538626,
30.4073,
33.5065,
9.84348,
0.00384554,
33.7228,
67.9238,
0.000236101,
0.00180442,
62.6557,
43.9319,
22.8811,
162.535,
21.7522,
49.6294,
198.153,
7.01062,
32.9789,
39.4619,
0.000551861,
2.10288,
2.09697,
2.10777,
2.09995,
2.10286,
2.10285,
1.90855,
16.5194,
16.3875,
18.6109,
15.1796,
15.1367,
5.07013,
5.29519,
0.00257157,
8.28177,
37.3224,
0.000221418,
0.000734382,
5.48781,
26.8478,
21.7935,
22.0489,
0.000475311,
0.000494566,
0.000490354,
9.17924e-05,
1.36053e-05,
0.000416711,
1.56027,
11.6845,
0.000110295,
6.38859,
43.1879,
14.4851,
14.6914,
47.8472,
86.3286,
46.7113,
0.00944972,
0.0070379,
0.00725704,
91.8916,
84.8717,
88.5897,
88.298,
17.8252,
49.6696,
9.90318,
0.00219134,
286.342,
0.000565598,
248.842,
2.63492,
1599.34,
21.6004,
1.6858e-05,
0.0875525,
0.000208034,
0.000469079,
0.000581626,
0.000187347,
0.000424819,
0.640543,
112.825,
132.613,
21.2255,
28.5611,
154.451,
42.5666,
31.059,
491.924,
133.562,
39.4943,
38.0149,
5.30182,
16.7159,
19.0668,
19.9046,
6.68926,
46.6554,
47.704,
6.05531,
16.003,
7.10082,
8.13247,
50.6434,
62.5906,
11.9588,
6.99643,
0.00956607,
42.8956,
79.7845,
39.906,
0.0074597,
37.0775,
44.0924,
0.0002467,
30.2255,
22.4216,
0.000402014,
22.0679,
0.00076675,
56.7367,
0.000353509,
0.000427059,
18.4964,
21.8737,
159.845,
49.626,
198.081,
28.382,
44.0642,
45.4614,
21.7543,
21.8754,
2.1035,
35.8617,
1.91241,
45.1453,
46.5756,
16.3407,
47.6627,
59.1912,
8.59114,
44.7758,
45.2093,
7.60342,
7.22745,
0.000663799,
0.000241307,
31.4078,
31.1708,
0.000572597,
31.0638,
3.77197,
13.4398,
20.1583,
58.8441,
41.365,
42.3981,
43.1845,
1.77526e-05,
4.63581,
40.0554,
2.3956,
92.53,
44.1651,
0.000940562,
6.3369,
0.0238579,
16.2327,
27.4367,
18.9143,
8.07875,
24.2925,
11.0724,
30.9437,
0.000502795,
11.9997,
13.7286,
74.4752,
0.00071798,
0.000884327,
0.000403878,
43.5126,
21.7765,
17.5307,
108.438,
161.74,
72.0752,
0.428931,
12.1811,
7.1227e-05,
15.1976,
16.6387,
11.9355,
23.0402,
14.5279,
16.0677,
6.46155,
0.000158512,
0.00849059,
46.9738,
31.241,
4.47737e-05,
48.1609,
43.4951,
2.48859,
0.000100559,
13.2527,
21.7848,
55.624,
0.0081077,
54.812,
22.0717,
43.6046,
55.3715,
7.48226,
14.68,
21.5536,
17.5632,
30.1022,
1.92545,
1.91234,
1.92371,
1.91926,
1.9264,
6.7967,
2.10875,
2.10677,
9.46704,
6.96974,
16.3655,
16.6105,
15.6014,
15.8802,
15.1549,
5.68777,
8.88159e-05,
22.4764,
1.70725,
47.88,
52.5715,
2.12822e-05,
0.000484703,
0.00023886,
6.88332e-05,
43.0204,
41.0459,
42.7503,
43.3628,
47.2994,
13.139,
70.726,
103.876,
179.755,
55.3135,
7.63978,
1.39081e-05,
7.98998,
0.000711358,
0.00022344,
49.1744,
0.000539694,
2.65236,
0.000950007,
35.2176,
0.000423111,
124.399,
383.86,
88.4697,
1.48675e-05,
21.6709,
29.5939,
26.2693,
178.03,
10.1293,
113.463,
72.5052,
22.0547,
46.2153,
46.7458,
28.4138,
17.0319,
0.00122798,
55.6272,
54.8152,
17.0354,
78.7929,
22.5159,
35.6143,
91.4614,
42.4105,
20.2874,
35.2703,
2.11822,
2.10318,
2.10522,
2.10577,
9.10553,
48.2755,
47.849,
43.301,
15.1976,
7.8947,
47.496,
16.9351,
7.56988,
4.81838,
0.00048563,
0.000136984,
0.000332194,
1.25393e-05,
35.6379,
31.0619,
21.3485,
47.0596,
1.64147,
52.44,
0.0028795,
0.00110115,
10.1897,
1.52348,
33.488,
0.00901074,
14.9955,
6.66843,
0.00082939,
5.24192,
5.28098,
5.22458,
6.12687,
5.25003,
0.0100072,
40.6811,
13.2443,
89.8318,
87.1402,
73.6899,
39.0818,
39.1143,
9.25766,
47.2798,
44.2437,
31.9699,
0.000842729,
7.50891,
14.7826,
55.0897,
75.5202,
48.4248,
83.2626,
46.1745,
74.2976,
0.000754142,
3.31452,
27.2207,
41.877,
0.000149236,
0.00018782,
0.00023007,
43.1449,
43.1399,
11.6502,
17.8709,
48.675,
43.1455,
26.8052,
24.8637,
73.827,
21.6614,
170.951,
242.409,
43.1327,
43.1331,
9.3539,
14.3874,
14.7089,
6.30445,
14.533,
6.31129,
10.3189,
45.3938,
0.000523455,
0.0445692,
7.9652,
8.96451,
27.5732,
20.7357,
2.40825,
7.35284,
6.92128,
7.34041,
41.0844,
10.1248,
39.9316,
5.68208,
4.79246,
5.62689,
44.339,
21.8537,
43.0639,
75.8196,
343.217,
224.372,
224.933,
294.58,
5.8416,
68.0691,
97.3059,
30.9032,
42.9523,
22.4664,
26.0644,
0.00205682,
22.8734,
70.4034,
57.0539,
95.9942,
9.49473,
59.4482,
42.8181,
2.10598,
2.1016,
2.11299,
2.10801,
32.6343,
1.90315,
28.2177,
1.9131,
6.87762,
6.806,
46.9489,
78.1045,
4.8059,
15.2253,
5.09473,
0.000933646,
0.00097782,
0.000648355,
0.000402477,
0.000195172,
0.143367,
0.0010198,
45.6834,
0.00330051,
33.6186,
22.3677,
0.164049,
1.33747,
2.29349,
34.0038,
0.00969947,
0.00768206,
0.00948,
74.8815,
110.672,
5.23164,
5.22686,
5.12979,
50.439,
51.5932,
9.39912,
51.9507,
5.46163,
79.2645,
108.067,
96.1909,
62.9823,
43.7082,
59.8588,
66.5358,
44.2561,
30.5897,
40.7605,
27.9634,
42.6417,
42.5276,
47.9537,
8.76623,
7.51939,
22.9715,
0.000204303,
0.000752367,
0.00021692,
66.4515,
47.3668,
16.5252,
0.00172855,
13.1599,
19.1106,
18.2276,
43.3026,
9.02355,
43.1324,
10.1225,
6.41149e-06,
0.000600687,
126.792,
10.5878,
104.208,
37.1343,
4.41673,
4.79378,
4.79157,
4.86215,
38.9065,
77.4566,
40.0391,
8.08471,
40.4966,
7.78785,
22.9614,
49.9039,
36.436,
0.000545496,
47.3651,
0.0110525,
41.7896,
22.4188,
83.1066,
63.3472,
10.0204,
22.0619,
2.85579,
1.92513,
1.91782,
1.92119,
2.09811,
2.0982,
9.58541,
1.92,
16.1304,
16.1806,
15.6277,
10.0026,
16.1718,
15.7851,
15.1743,
7.54355,
51.106,
9.66482,
0.000982127,
0.000313415,
0.000580339,
39.5703,
31.9299,
22.0428,
33.0817,
4.82567e-05,
30.9538,
66.4925,
47.3575,
54.9736,
65.6835,
0.000908252,
61.0506,
8.42517,
29.0763,
5.15656,
0.0101651,
5.1694,
5.23086,
5.19863,
3.45134,
95.7454,
6.41851,
53.0261,
8.5559,
6.92503,
28.6471,
30.4053,
24.1309,
0.00050416,
71.9252,
17.401,
31.8842,
90.5941,
131.66,
69.0609,
58.6228,
56.3164,
15.9973,
8.24895,
47.0053,
31.3124,
43.849,
43.5214,
51.2328,
52.1234,
42.576,
58.3982,
279.919,
111.553,
1327.54,
100.955,
102.201,
49.63,
140.993,
2263.05,
43.6633,
45.8761,
16.8949,
5.25444,
5.23619,
5.11793,
38.9748,
38.7979,
4.48276,
2.35488,
42.5375,
51.1647,
80.6208,
75.2897,
121.566,
48.7819,
23.415,
15.832,
0.0198708,
10.8944,
23.1133,
15.086,
16.463,
49.1809,
163.497,
11.3697,
81.945,
14.7091,
10.1084,
11.3787,
0.000907659,
41.8612,
41.8906,
29.7384,
35.9798,
7.09121,
7.20926,
7.14373,
4.79159,
10.1256,
7.19152,
9.24668,
21.7013,
35.3793,
38.811,
7.20864,
4.86993,
4.69848,
4.87466,
4.75347,
7.41514,
0.000221263,
0.0107909,
47.3647,
44.7691,
0.00131244,
2.09437,
30.2347,
31.4643,
0.000598652,
0.000328944,
13.815,
40.51,
13.8497,
0.750504,
2.0936,
2.09977,
2.10744,
1.92051,
6.85205,
6.83651,
15.1944,
5.28224,
6.16951,
0.00022624,
0.000153232,
21.721,
32.2749,
57.6925,
0.000288043,
0.000544733,
0.00106199,
0.000609391,
70.8002,
96.4786,
56.9189,
5.3614,
5.24069,
6.06041,
4.20855,
4.18344,
4.31068,
5.26614,
5.232,
6.32071,
13.1,
43.1726,
43.1774,
13.0176,
37.0236,
0.00252305,
61.7456,
114.341,
23.6828,
48.3029,
39.748,
49.3728,
48.4528,
85.0315,
89.1294,
88.522,
0.00051975,
0.000247943,
0.000707812,
0.000330311,
344.513,
21.7976,
335.195,
43.1744,
30.6436,
139.026,
76.7742,
73.4178,
138.89,
14.3738,
14.5327,
13.7158,
4.73921,
0.00180563,
1.70256,
0.000159007,
9.93375,
0.000461426,
12.0976,
28.6991,
126.79,
37.0542,
35.212,
9.30541,
43.2387,
6.92051,
45.8661,
4.79412,
7.18968,
7.1942,
7.26601,
47.409,
22.051,
38.5485,
13.5712,
8.56253e-05,
4.53842,
5.87924,
49.9958,
2.97819,
34.2003,
21.6861,
33.0354,
0.000406206,
2.10444,
2.1133,
2.1183,
2.1117,
9.46992,
2.10885,
9.27896,
35.2486,
1.9113,
35.0872,
46.5066,
0.00101709,
0.000345309,
0.000450461,
0.000732401,
47.7348,
2.43634,
35.1164,
11.982,
45.0125,
11.0855,
153.568,
5.20951,
5.17227,
8.21586,
23.2629,
0.00274693,
2.02853,
5.22709,
5.22729,
6.34275,
0.00528807,
5.24236,
5.22405,
40.7337,
4.79075,
4.29199,
17.3397,
45.1394,
36.9315,
49.0487,
13.5875,
12.8495,
4.25417,
0.00240587,
7.80265,
15.9182,
70.1494,
126.897,
30.7657,
5.21519,
5.2241,
4.96997,
38.7633,
84.9046,
88.2602,
86.1329,
128.249,
84.3556,
43.185,
43.1849,
11.189,
13.6276,
16.0811,
0.0201991,
0.00471635,
15.9247,
25.2408,
3.44828,
0.000391234,
9.5912,
0.0102321,
12.1878,
12.1953,
43.1621,
43.1502,
21.7473,
394.915,
9.45127,
14.5339,
8.37856,
0.0171271,
0.844749,
0.00121639,
48.3396,
46.6409,
0.000235046,
4.87383,
7.41576,
4.71512,
104.187,
35.8663,
1.69999,
13.1491,
0.00107816,
0.00148691,
4.79299,
4.79074,
4.9891,
7.2805,
11.6215,
4.79391,
4.79393,
4.7935,
7.18615,
7.19645,
6.46514,
7.24896,
5.25095,
22.3542,
36.0248,
9.21795,
0.000939577,
33.0276,
81.9928,
21.8445,
14.9408,
0.000353741,
0.00026645,
0.355327,
1.92423,
1.90843,
1.92571,
2.10348,
16.1318,
16.154,
15.628,
45.3978,
45.8413,
54.509,
47.0597,
1.90777,
77.8586,
15.7916,
15.1586,
0.000622151,
5.32461,
2.27109,
0.000398658,
0.000366475,
0.00101885,
1.62871,
0.000343942,
2.43834,
42.6544,
2.10815,
31.0417,
38.5942,
0.00114381,
45.3979,
0.000395026,
0.000539993,
4.9182,
76.6047,
8.42666,
17.1366,
5.24129,
1.8227,
13.751,
12.6239,
5.23272,
5.20757,
6.71559,
6.39306,
4.20631,
5.06157,
31.9049,
50.8947,
20.9905,
56.0737,
5.23441,
43.2456,
5.29475,
32.8794,
2.45502,
5.0901,
50.3284,
9.68704,
86.9702,
83.9666,
73.3927,
87.1876,
47.9577,
46.4193,
0.00988111,
15.668,
0.0100842,
0.0129699,
14.6651,
0.00880558,
11.0876,
0.01907,
13.6608,
10.3176,
0.000543703,
8.46535,
11.3856,
14.0061,
8.64706,
11.2289,
6.82106,
40.0126,
3.68277,
9.73846,
0.000530985,
0.00110028,
6.74172,
8.36275,
36.564,
9.06963,
7.36072,
26.6348,
7.21073,
7.19215,
6.40437,
4.79344,
3.92071,
34.9979,
43.2291,
0.000363559,
61.5228,
0.000206226,
41.6647,
57.5842,
0.00115209,
0.585359,
3.17521,
4.18035,
0.00145576,
1.6054,
2.55829e-05,
1.08201,
0.000411624,
0.000660033,
0.000838545,
0.00136952,
2.08884,
2.09928,
2.08956,
1.91646,
6.84369,
6.92168,
49.0835,
45.3277,
54.163,
35.9811,
1.9159,
36.8141,
7.03918,
0.000618879,
6.10781,
47.0378,
1.57858,
0.00116505,
21.1057,
0.00103554,
0.000985672,
0.000536645,
5.15715,
15.3772,
52.9402,
27.7387,
4.22104,
11.1588,
48.3335,
43.1767,
26.0444,
20.6452,
0.00295869,
175.47,
26.4554,
26.7301,
44.3384,
62.6505,
102.797,
79.8565,
5.22551,
4.18282,
0.000638799,
99.2344,
43.18,
43.1813,
16.3639,
16.2389,
0.000151171,
0.000693781,
0.000738327,
0.00394517,
3.34588e-05,
6.386,
117.022,
409.741,
440.562,
30.9435,
2.26312,
363.258,
5.89467,
0.000471729,
0.000924466,
4.92222,
29.7023,
178.014,
72.4782,
40.4929,
7.20832,
40.6627,
37.7439,
58.1998,
0.00117514,
4.79657,
7.19455,
4.79506,
4.77537,
4.60356,
34.2065,
36.122,
0.000351915,
0.000757559,
2.34271,
34.4327,
9.86115,
28.1544,
2.09866,
0.233808,
0.000671777,
9.13835,
2.1102,
9.27828,
74.0159,
52.8426,
10.1321,
16.1705,
15.8166,
15.6424,
15.1785,
0.00515894,
0.000201024,
6.91923,
1.57668,
43.1595,
49.4194,
0.000181857,
56.3584,
57.8348,
35.8983,
145.971,
5.20985,
5.2363,
6.15437,
14.2186,
4.98919,
4.18872,
0.00312349,
46.7744,
20.5889,
48.2935,
25.1622,
11.6613,
4.48878,
4.22757,
10.272,
6.23533,
5.23427,
5.24376,
5.02852,
4.21516,
3.54172,
13.4208,
51.243,
110.033,
0.00489418,
0.0106542,
0.0105827,
44.1254,
1.40298,
8.28047,
6.21056,
363.229,
44.7091,
120.616,
42.9816,
22.9118,
26.6589,
2.63158,
0.0083279,
16.0155,
11.233,
8.18657,
12.6941,
4.25482,
4.69796,
14.379,
14.3762,
3.28012,
6.52924,
0.000798353,
7.41025,
5.83778,
4.70055,
4.59389,
7.52264,
0.228119,
17.4544,
30.9056,
7.97558,
19.6689,
7.17815,
5.51973,
44.8842,
22.3896,
3.53965e-05,
0.000918839,
4.79419,
4.79615,
4.79362,
4.79497,
7.20721,
7.19815,
24.6194,
4.82197,
4.77147,
42.3908,
0.00217087,
38.2913,
0.000800507,
0.089793,
1.00851,
0.00126931,
1.9209,
20.3267,
10.391,
5.3214,
9.27245e-05,
0.000323771,
40.5181,
2.10588,
2.10489,
2.1032,
1.91707,
1.92058,
1.89979,
2.10753,
16.15,
15.1559,
2.11474,
1.93299,
6.53062e-05,
7.21072,
5.96152,
0.000488522,
0.000101656,
0.505155,
45.93,
1.52502,
44.5042,
54.0663,
6.69685,
35.0813,
57.3215,
4.25577,
9.66038,
4.202,
4.19701,
4.20431,
19.7681,
0.743962,
76.0393,
15.4492,
47.1041,
47.9507,
56.5855,
45.9657,
47.7559,
74.8462,
0.000137353,
0.000336697,
5.49258,
43.1821,
16.242,
16.3619,
0.000998726,
0.00114781,
4.17871,
0.00721939,
13.75,
15.1736,
0.00478352,
0.00123562,
12.883,
47.2864,
43.3727,
0.00180556,
8.05051,
0.000608768,
12.1022,
14.2558,
10.6839,
8.30063,
2.59569,
4.65366,
14.3754,
4.79783,
52.9749,
5.68245,
66.3719,
113.441,
11.4546,
11.1602,
4.93734,
38.24,
5.12833,
45.3764,
0.000213961,
38.2342,
3.82405,
28.9332,
4.79223,
4.79511,
4.80826,
4.63435,
0.000751558,
0.000207813,
39.193,
8.30746,
0.000399126,
3.88385,
7.3849,
1.91489,
6.84055,
7.00679,
16.1498,
16.1446,
15.6462,
15.8083,
9.39086,
53.7836,
22.3814,
15.1685,
6.67483,
7.62257,
31.9921,
1.90617,
38.1368,
0.216488,
0.000562383,
0.15783,
0.000343872,
5.23571,
8.90244,
5.29618,
5.04189,
49.1155,
38.4819,
23.2365,
5.23015,
4.17765,
4.31381,
4.14631,
16.0528,
64.0235,
71.9258,
70.3408,
76.1985,
5.2548,
55.3222,
12.8402,
48.1116,
5.01113,
5.21519,
4.25611,
5.19147,
5.19376,
5.17467,
4.62916,
43.1823,
0.001303,
0.00160478,
0.000584069,
0.000188782,
44.2888,
55.0561,
24.2686,
31.7349,
9.92461,
10.0834,
6.98793,
8.73831,
15.1929,
16.4932,
15.7959,
56.4855,
58.9685,
47.7483,
32.1372,
8.62698,
2.44313,
3.81689,
3.81858,
14.3763,
3.82242,
4.11815e-05,
68.0412,
224.349,
224.847,
97.2955,
7.2796,
7.24128,
9.12205,
3.24431,
4.794,
4.79375,
4.86323,
7.11935,
7.18609,
7.41385,
4.79318,
4.79742,
4.79697,
35.3792,
37.7428,
8.6408e-05,
0.000855035,
28.5506,
32.3935,
7.26081,
5.96606e-05,
1.7453,
36.5978,
0.000831121,
1.59676,
1.52931,
40.8574,
38.9823,
1.48427,
47.7239,
5.89064,
3.4866,
1.92294,
2.30036,
2.09923,
2.10649,
2.09695,
1.92433,
9.08421,
2.1086,
9.49685,
2.09575,
29.4341,
30.2306,
2.3743,
0.000500421,
5.41114,
1.01623,
2.9992,
6.75743,
47.9772,
6.76044,
106.128,
5.18701,
5.23053,
4.9493,
5.80635,
48.0597,
47.9298,
49.4101,
46.4675,
12.2965,
8.55178,
6.35361,
5.22636,
0.000715403,
0.000423376,
0.672272,
0.00748787,
0.00860481,
0.00847264,
47.1799,
13.7478,
0.000731457,
15.1801,
43.3362,
52.5049,
8.37089,
50.8662,
12.7864,
15.1959,
48.5363,
2.15438,
12.5743,
5.97149,
40.6382,
49.4405,
32.9945,
16.26,
8.50706,
6.92621,
8.62724,
3.23865,
3.3454,
1.93279,
8.62646,
14.377,
10.2887,
46.4698,
38.2898,
40.4521,
4.79305,
26.4583,
27.574,
294.748,
72.8587,
7.19776,
4.79247,
4.83303,
4.95418,
4.82207,
37.7425,
42.3902,
3.24597,
41.6983,
1.49063,
43.3496,
40.6507,
8.49288,
0.646837,
7.1897,
0.000165385,
34.4041,
2.10242,
2.11644,
2.54652,
2.10647,
45.1404,
50.4757,
45.2035,
55.058,
16.1286,
15.8262,
15.645,
15.1659,
69.4053,
0.000125013,
0.00102819,
7.05251,
64.1947,
7.09932,
4.20871,
4.20858,
3.98448,
63.3433,
56.6625,
45.9124,
39.7226,
53.5734,
5.2502,
28.5136,
198.885,
107.861,
68.414,
11.9643,
52.2798,
51.5981,
46.8442,
50.7955,
53.021,
74.1692,
48.2445,
5.23018,
5.28367,
4.97209,
41.1423,
5.29483,
33.0556,
10.133,
0.00055371,
1.49588,
0.00031926,
0.000740343,
0.0010867,
0.000527442,
0.000526045,
1.03323,
0.000780926,
77.4874,
43.1812,
43.185,
22.5681,
17.4172,
29.6567,
40.4403,
85.2294,
70.5721,
179.703,
16.1708,
8.62722,
3.35538,
3.3121,
4.66231,
43.4636,
45.16,
7.0486,
8.66554,
29.0755,
29.7977,
4.79271,
343.368,
29.6192,
58.4436,
402.847,
0.148579,
4.7914,
4.79334,
26.4,
7.17626,
7.2439,
25.573,
4.77206,
38.235,
3.82557,
38.3799,
1.45881,
1.42347,
31.0921,
39.3309,
0.43993,
28.9508,
2.71127,
26.3037,
120.058,
90.1375,
91.5017,
33.0396,
2.18466,
2.10853,
2.50612,
1.92429,
6.83863,
7.00374,
16.1415,
15.1622,
15.16,
5.44851,
0.00141426,
56.6309,
23.5226,
0.000135718,
0.233187,
54.4629,
4.55628,
5.6406,
5.22931,
5.41234,
4.58824,
4.19424,
4.3354,
4.16213,
14.5151,
67.585,
74.3584,
53.2863,
65.8765,
181.679,
5.29412,
51.0577,
54.2113,
175.452,
102.786,
26.7292,
6.27465,
5.17314,
4.39231,
51.3756,
47.3709,
66.4563,
53.5581,
13.4229,
16.2397,
0.000183569,
5.27232,
4.71427,
5.23331,
5.19099,
28.6584,
30.4642,
127.902,
20.6425,
43.1821,
59.3861,
30.7858,
31.7658,
19.9388,
16.8751,
45.833,
51.1529,
16.0042,
43.5273,
27.3976,
56.2984,
8.2469,
57.0312,
95.5122,
49.3505,
43.7068,
15.2038,
15.1649,
15.7805,
15.8084,
9.20608,
45.6598,
9.49086,
2.17063,
2.13325,
2.24757,
2.15518,
1.90957,
1.91009,
1.78052,
0.000474434,
0.0100735,
3.81506,
7.15503,
33.5031,
32.7187,
28.5007,
120.934,
5.34531,
51.0541,
7.15421,
27.3172,
4.80932,
44.9824,
4.7781,
0.000449612,
28.8036,
36.7557,
1.43939,
37.2902,
0.000223987,
22.1035,
22.5093,
46.3633,
21.7115,
21.8761,
21.7592,
40.7151,
29.6696,
0.000190373,
2.10412,
6.92728,
3.40064,
1.99253,
3.44369,
2.35177,
9.21461,
2.11907,
9.42754,
5.98624,
280.909,
172.943,
56.685,
32.7731,
0.000606004,
33.9477,
53.9543,
55.6922,
18.1368,
1.22164e-05,
0.000499212,
0.00101189,
0.000563537,
0.00061497,
9.89106e-05,
0.000706754,
5.23974,
38.9237,
36.4099,
11.0032,
45.1529,
5.86669,
0.000762334,
5.42343,
5.22583,
5.23114,
4.9779,
5.66921,
15.5347,
50.7302,
101.827,
24.4434,
33.2842,
50.8548,
48.2606,
43.41,
46.3189,
48.2785,
17.3365,
20.6079,
44.335,
0.000223063,
35.7155,
35.0232,
7.91825,
61.0403,
31.4098,
6.63528,
0.0011627,
0.00062781,
0.000581004,
0.000602596,
0.000261982,
6.27501,
5.29363,
5.36106,
6.27898,
39.2668,
5.23447,
7.92855,
0.000371435,
14.2642,
0.0076583,
114.36,
61.7297,
12.21,
48.7921,
155.517,
138.687,
234.616,
220.692,
0.0554396,
0.000373872,
0.000830502,
50.9582,
0.00822623,
57.3527,
49.2196,
80.086,
50.8702,
16.1499,
16.1095,
6.21131,
6.49549,
2.24753,
1.92975,
1.92958,
1.93519,
43.9468,
8.62754,
39.299,
7.24975,
5.06174,
0.000158784,
0.000173054,
11.9903,
0.000606749,
7.04855,
37.215,
41.0337,
5.45112,
8.7535,
0.000599148,
14.8173,
24.062,
40.8863,
112.014,
110.807,
50.0876,
21.2485,
22.0806,
35.9372,
1.91439,
28.8571,
1.91787,
2.36547,
16.1378,
15.8264,
15.6011,
31.1434,
79.4865,
35.3927,
0.00107977,
42.7651,
4.20119,
4.20137,
3.25477,
60.9659,
5.99296,
76.2282,
68.0375,
31.9002,
26.4734,
153.586,
58.7136,
37.5267,
5.16995,
5.21024,
6.20143,
0.000925193,
0.000890762,
0.00051509,
0.000344602,
4.40471,
4.46748,
0.00038333,
3.55975e-05,
9.4825,
7.33735,
3.16215,
14.6012,
15.179,
15.1506,
15.8312,
10.7695,
2.28711,
0.00853644,
3.45292,
30.8416,
34.2831,
59.617,
27.7487,
19.4094,
48.349,
47.6143,
50.577,
8.74561,
1.90776,
2.12234,
2.14667,
2.12347,
37.5653,
3.28457,
42.556,
0.000474317,
14.147,
4.5008,
11.4683,
0.000478258,
3.31565,
24.0222,
41.313,
29.8874,
0.000724816,
37.7445,
40.486,
57.1474,
36.2763,
0.00035427,
28.7434,
22.4505,
6.83636,
16.165,
6.9145,
15.1763,
15.1677,
5.16081,
22.4741,
29.2232,
24.7326,
0.000769627,
0.000362688,
0.000660662,
0.000283329,
62.6365,
5.2893,
6.15013,
4.20093,
4.29568,
4.22136,
14.3819,
5.19726,
5.26212,
46.9052,
0.000250385,
0.000614307,
9.1083e-05,
8.42619,
76.6039,
17.1391,
0.000562079,
0.000595171,
2.3836,
9.80064e-06,
15.8001,
4.21796,
27.7392,
11.1595,
71.8501,
68.4121,
64.51,
55.7023,
9.37391,
45.1524,
9.29855,
0.766047,
2.12438,
2.10943,
1.90581,
37.2184,
31.7062,
2.0972,
2.09671,
2.1176,
0.0011034,
0.00115614,
0.190615,
6.6351,
0.000463022,
16.777,
0.000233143,
0.000600048,
0.000517181,
37.2772,
0.000873867,
0.00108618,
0.000229212,
1.43357,
47.4672,
52.3328,
0.000184761,
31.7754,
36.1856,
22.013,
0.00016315,
0.000446613,
3.12906,
2.42284,
27.1514,
2.34175,
23.8094,
3.03878,
2.10335,
2.39652,
1.92572,
1.91061,
1.91849,
1.9044,
1.92813,
1.92263,
27.7945,
27.4879,
6.5709,
56.5761,
38.0193,
21.341,
2.16324,
0.000452223,
0.000323119,
0.000659236,
0.000305428,
5.28016e-05,
0.00071403,
41.8291,
30.7652,
32.6448,
62.6281,
5.42332,
43.1708,
36.4699,
79.4673,
5.28664,
5.63731,
5.22924,
5.35424,
4.54469,
4.20181,
4.26949,
14.3705,
20.029,
58.3106,
91.3554,
27.7041,
21.861,
38.6535,
5.17471,
38.6277,
0.000735767,
0.00039024,
7.83218,
0.000131261,
9.08259,
15.1878,
15.1506,
15.8756,
15.8094,
74.7849,
52.0156,
51.441,
16.1284,
16.141,
6.23666,
5.21036,
14.2188,
6.29097,
5.8065,
54.3994,
35.1504,
73.1508,
6.48587,
2.1142,
1.91559,
1.9278,
1.89419,
40.4969,
2.10347,
41.0252,
2.09588,
2.11285,
1.81674,
0.000183474,
2.01366,
0.000470539,
104.246,
58.6328,
74.3779,
34.2048,
0.000731692,
41.6327,
0.00123205,
47.2938,
1.41425,
52.2918,
0.00122199,
0.00220609,
5.97613e-05,
0.000293269,
0.000459273,
0.000445288,
2.70574,
2.6957,
2.51632,
2.1063,
9.68834,
2.38488,
10.0674,
16.1284,
15.8332,
15.5819,
0.0283131,
0.000247354,
0.000881294,
5.92254e-05,
0.000721558,
4.97116e-05,
7.80295,
42.1531,
8.56839,
0.000156226,
5.23973,
4.19527,
4.20061,
3.98311,
108.988,
26.4286,
144.472,
67.0602,
37.854,
46.2369,
0.000738259,
43.5776,
5.23671,
0.000737594,
0.000350761,
0.000164913,
0.000802722,
4.4263,
4.79006,
0.000432553,
72.3914,
53.946,
52.8458,
16.1032,
16.1263,
6.94898,
4.98784,
4.18668,
48.1765,
141.489,
38.5124,
39.9985,
47.4379,
45.2006,
1.92129,
2.10065,
1.91332,
46.6632,
30.9149,
7.37399,
26.4076,
1.74893e-05,
0.394106,
34.4723,
7.59845,
19.627,
33.7666,
9.73987,
4.89755,
37.1295,
12.5766,
0.00206819,
70.6576,
40.4003,
0.000831422,
38.9734,
0.00086663,
42.1337,
29.8275,
21.7124,
0.000563659,
0.000493635,
4.46761e-05,
0.000669063,
0.256803,
0.000569266,
0.539165,
2.34044,
15.1587,
5.29525,
5.31544,
45.6607,
52.7971,
45.0527,
55.3421,
55.3991,
15.1876,
8.926,
29.0759,
11.7306,
0.000392037,
0.000291006,
0.000508341,
0.00120331,
6.88488e-05,
8.57655,
0.000155574,
0.000130357,
0.000644567,
31.1621,
54.3408,
43.0323,
4.55691,
4.20878,
9.66392,
5.27153,
5.23112,
6.35698,
4.29776,
15.2834,
17.1376,
63.7984,
47.9414,
49.46,
69.8418,
55.8914,
5.2604,
45.7755,
146.003,
37.1374,
67.3916,
0.000951246,
0.000216704,
0.000837091,
0.000968464,
7.93134,
7.41321,
12.3142,
48.9586,
4.19822,
4.204,
4.20392,
4.31651,
4.14352,
15.6915,
69.6312,
90.8317,
56.4966,
9.19612,
45.0794,
9.19139,
2.10211,
1.91765,
1.92428,
1.77597,
10.7581,
12.2276,
54.6576,
80.6732,
0.0293331,
51.666,
23.8696,
2.11356,
28.9758,
1.91807,
37.2229,
33.5839,
73.4134,
40.2863,
51.9562,
21.7556,
21.8726,
21.7866,
72.6409,
68.6773,
0.000898631,
56.9132,
64.7538,
21.844,
0.000706444,
0.000672198,
34.4798,
2.10221,
2.12853,
2.13211,
1.92062,
1.90474,
28.0941,
26.1811,
1.91997,
1.92561,
2.10676,
2.10449,
2.12294,
1.90999,
6.8445,
6.85837,
16.161,
45.0967,
22.3805,
32.7334,
28.566,
0.000146176,
0.000573692,
0.00034551,
0.000188166,
45.1501,
7.71656,
39.1263,
36.8356,
106.002,
4.22129,
68.7306,
109.01,
122.743,
72.3112,
46.7274,
47.7196,
48.7661,
68.8896,
122.736,
47.9047,
27.3573,
34.368,
51.53,
0.000679589,
0.000148504,
0.000455324,
4.17687,
4.25808,
5.27574,
5.22967,
57.3581,
6.795,
1.56037,
0.000273,
7.99756,
0.000803819,
18.5813,
2.3203,
11.909,
15.1764,
15.1458,
15.6299,
15.8034,
8.27716,
16.1548,
10.0551,
45.2373,
6.48892,
2.09902,
2.11859,
2.09771,
1.91741,
2.101,
0.000449311,
22.076,
22.3661,
22.0898,
10.4018,
41.9707,
43.0808,
22.0428,
0.000869806,
49.9175,
67.127,
21.755,
30.442,
44.0065,
0.000404632,
1.17485,
28.6278,
5.10897,
0.000334983,
0.000272353,
26.9249,
1.38764,
25.8949,
2.16582,
2.10434,
2.2776,
2.12917,
9.67657,
1.92337,
10.5443,
65.5319,
53.8302,
59.3042,
56.0165,
34.6974,
49.5428,
21.9953,
0.000964804,
7.95107,
8.47931,
0.00086211,
0.000912468,
0.000625594,
10.5777,
44.0223,
11.2735,
4.20885,
5.19816,
5.14197,
45.9762,
5.61849,
44.4758,
73.3226,
16.3585,
0.000667982,
5.06924,
5.95609,
0.000251615,
0.000157437,
6.6814,
15.1796,
15.8083,
15.6496,
71.1818,
56.3401,
54.1439,
16.1448,
9.2352,
45.1027,
9.2124,
2.10122,
2.1078,
2.12172,
1.91523,
1.53586,
8.73951,
30.8159,
26.4872,
2.10123,
28.1295,
27.4233,
94.9149,
75.5957,
22.9255,
11.6378,
40.9764,
68.4385,
43.7953,
47.1951,
4.72225,
36.0542,
46.2739,
12.6154,
45.7626,
0.000924904,
0.000331495,
1.40521,
1.41539,
1.43447,
34.8801,
36.1669,
0.000642,
0.000658964,
0.00035318,
4.61485,
0.000134288,
30.4737,
38.9049,
0.776747,
0.746324,
7.47714,
16.1214,
15.8524,
15.51,
45.0736,
45.8214,
61.5858,
31.6393,
0.00022179,
5.41363,
0.802981,
6.89262,
0.000117205,
0.000522122,
0.000596071,
0.000713368,
0.000277623,
55.9308,
32.1269,
4.16342,
4.33429,
21.7949,
54.8199,
5.21931,
55.2825,
144.507,
26.3847,
57.9443,
26.3528,
7.39905,
0.000674194,
8.78883,
0.000927796,
15.14,
0.00017136,
0.000526347,
0.000462096,
2.32882,
1.95243,
1.55525,
2.09292,
70.2676,
22.8255,
54.1035,
2.1187,
1.91578,
39.0731,
40.1981,
1.92149,
8.38754,
21.6646,
39.6812,
43.0003,
6.1565,
0.000769647,
3.23602,
0.000353414,
22.4816,
62.2537,
56.7133,
51.3732,
0.000952785,
35.4258,
1.41714,
1.41633,
1.47797,
2.16565,
2.38289,
3.02636,
2.83447,
1.9168,
26.133,
50.5833,
1.85808,
1.92678,
2.10684,
2.10587,
2.11418,
9.19034,
2.11915,
9.00457,
1.91673,
1.91192,
6.81753,
6.84095,
15.1518,
15.2063,
0.000132463,
0.000230221,
4.85477,
0.000472175,
0.00073271,
2.09077,
0.234451,
11.5472,
18.1616,
63.3207,
101.817,
87.1571,
53.0438,
40.747,
0.00100742,
68.5621,
57.9685,
54.2328,
0.000305254,
4.5333,
0.000282294,
0.000422154,
0.000432417,
51.8802,
16.1428,
16.1541,
6.39273,
50.4697,
8.48615,
2.2362,
2.10017,
2.26166,
1.73584,
67.5288,
27.0625,
6.47722,
11.1239,
55.0243,
51.7488,
181.673,
1.92262,
1.94385,
1.66695,
1.91823,
2.1006,
47.6665,
21.8495,
39.9903,
96.6272,
6.64308,
161.804,
61.8648,
54.2616,
21.327,
49.4739,
65.6337,
90.521,
0.685417,
4.721,
1.43657,
1.97465e-05,
6.13133e-05,
30.6472,
8.60193,
8.24375,
38.969,
5.30441,
31.9447,
35.5086,
2.10346,
2.1132,
16.1424,
0.000681026,
8.88938,
10.3054,
5.29581,
8.25907e-05,
0.000866526,
1.10821,
0.000314527,
0.000177667,
24.3858,
65.9763,
58.8572,
53.7567,
23.1937,
6.93928,
8.58747,
15.148,
15.1823,
15.633,
15.8085,
0.000518296,
2.05895,
9.49931,
45.1298,
2.22342,
40.3501,
29.9445,
2.14428,
2.1065,
2.4666,
1.70795,
0.0013843,
4.25805,
21.7016,
51.7172,
74.321,
9.82282,
0.00105819,
43.0749,
5.37703e-05,
0.000390279,
0.000236097,
10.4845,
22.3938,
47.1089,
30.5501,
1.4469,
41.7288,
47.1704,
6.62572,
47.4065,
16.3855,
38.7632,
0.580574,
30.641,
37.3479,
7.08704,
32.7349,
20.7071,
0.00108641,
37.4102,
1.98142,
33.7909,
1.91643,
6.84678,
6.79168,
63.1489,
66.0348,
56.723,
0.000342425,
5.28849,
2.38331e-05,
5.67006,
24.9096,
10.0074,
0.000229036,
9.8538,
52.8592,
16.1607,
16.123,
6.87335,
0.000274639,
45.0399,
44.9897,
8.62278,
6.83099,
9.41788,
1.90329,
1.90169,
2.443,
2.17442,
1.91991,
29.4077,
2.10417,
30.2963,
0.00105335,
0.000535317,
37.1482,
101.553,
22.0278,
83.7122,
23.2468,
39.5304,
108.366,
0.000249134,
49.9181,
1.42773,
21.3434,
22.3806,
49.3485,
9.3328,
1.45396,
1.4646,
38.143,
22.0818,
22.4737,
47.4131,
0.11449,
29.168,
26.8813,
2.11003,
33.7998,
33.0242,
1.90682,
1.92253,
1.94473,
2.11074,
2.10629,
2.10513,
10.0903,
2.0955,
9.55151,
1.91438,
16.131,
16.0998,
18.8021,
15.8772,
54.4007,
5.54022,
12.9216,
17.6673,
0.000362834,
53.7184,
65.4138,
54.0037,
15.8122,
15.1745,
15.6015,
1.11334,
9.13965,
44.885,
9.15838,
2.10002,
2.14231,
2.03376,
1.92079,
1.9173,
1.91107,
1.00119,
0.000919701,
2.17815,
2.15839,
40.1296,
29.5889,
1.91054,
9.30242e-05,
34.2065,
0.00111186,
34.7947,
0.000154972,
35.9752,
0.0397381,
2.11448e-05,
38.5179,
0.000763645,
41.0456,
0.241199,
26.217,
28.319,
22.0022,
27.9383,
0.133843,
1.02495,
78.0757,
95.7912,
21.7545,
69.0712,
55.3781,
15.0718,
21.8741,
7.95774,
0.00106526,
2.16815,
0.000904055,
0.000508393,
2.10589,
2.09936,
2.10714,
2.10508,
2.11118,
15.1595,
46.7632,
45.3765,
17.7914,
61.4095,
55.3013,
54.4132,
61.522,
15.5731,
15.1393,
15.9825,
15.1673,
61.3849,
16.1369,
16.1303,
6.83806,
44.9873,
6.83916,
6.14652,
63.4514,
16.6749,
65.4792,
54.4651,
2.10624,
1.9196,
0.000698022,
0.428292,
0.397438,
2.1274,
2.10486,
1.86036,
41.8193,
0.00044919,
46.8127,
4.78859,
34.2063,
0.000203924,
34.7968,
34.3387,
21.7493,
32.6129,
0.00165699,
21.721,
42.4439,
28.5554,
7.13648,
0.690783,
36.2076,
26.2812,
35.4444,
1.92695,
38.4814,
1.91789,
6.85317,
6.78521,
16.0664,
18.5539,
15.2066,
15.7933,
15.5346,
45.0845,
45.2435,
9.11106,
9.17355,
15.1835,
2.09462,
2.10093,
2.09693,
1.91433,
1.91964,
1.92084,
1.9255,
2.10955,
0.000640529,
0.000232078,
0.000162479,
28.695,
31.4696,
2.16551,
23.4784,
2.13189,
0.000393878,
21.8433,
33.0011,
32.6796,
0.00114401,
1.47658,
47.2917,
52.3341,
2.6422,
22.0942,
0.0016274,
20.855,
7.2249,
1.64387,
0.000531431,
4.28204,
2.09731,
35.4327,
39.2841,
1.91765,
1.90983,
1.92745,
2.10135,
2.1021,
2.09935,
9.54838,
2.09597,
9.19038,
1.91471,
16.0989,
46.3266,
46.6248,
54.16,
15.7993,
16.1489,
16.1403,
6.79927,
9.34485,
45.5352,
6.83383,
2.11188,
1.91569,
16.1611,
53.8825,
0.438013,
0.00249509,
4.53987,
1.52185,
6.99471e-05,
39.3892,
0.00034577,
2.64169,
47.6658,
52.4186,
1.48749,
22.5182,
36.3356,
25.041,
0.00104801,
12.2807,
2.10573,
2.10274,
2.10447,
2.10771,
2.10584,
45.9905,
2.1068,
1.91946,
1.91444,
1.9209,
1.91117,
45.512,
2.09884,
2.10712,
2.10673,
2.10227,
1.91607,
1.92206,
38.5229,
39.6348,
0.000768451,
34.2058,
42.3921,
8.36282e-06,
0.000398019,
0.000521038,
12.3157,
29.4696,
2.10902,
40.2536,
40.426,
21.7171,
35.1653,
4.83929e-05,
5.37634,
7.21098,
3.16959,
0.0008142,
2.32912,
41.9994,
27.3335,
0.000684393,
0.386792,
0.165519,
1.91958,
1.91302,
6.83748,
2.10055,
49.7319,
0.000629349,
46.926,
17.5535,
21.2885,
0.00129269,
7.96527,
24.1208,
2.10721,
4.39554e-05,
0.0055073,
34.2969,
18.5203,
0.148575,
39.1314,
9.45026,
22.0108,
42.164,
36.8971,
2.52838e-05,
1.53748,
46.8937,
42.6207,
7.22219,
28.5546,
22.8502,
29.0273,
0.0121517,
0.000215654,
0.000396242,
0.000899009,
40.2079,
1.96373,
30.8193,
2.10124,
1.91525,
1.9187,
2.1035,
2.10834,
1.91719,
1.92519,
28.5857,
35.8591,
0.00152212,
50.1391,
62.384,
25.9632,
22.9154,
26.2074,
28.1879,
29.4133,
22.4503,
5.66185e-05,
5.89588,
0.000108355,
5.51535e-05,
0.0119951,
0.00024933,
2.09779,
3.86165e-05,
0.000629356,
5.3109,
0.000867592,
0.000350923,
0.000880092,
28.7432,
39.5109,
0.00136106,
39.8941,
0.00137245,
23.588,
0.00148673,
82.3041,
21.7538,
63.621,
21.8759,
14.0776,
38.3877,
9.91599,
42.7991,
21.7878,
39.1898,
2.10016,
0.000416602,
51.5379,
110.981,
47.5724,
22.0703,
22.5134,
0.000542501,
0.000220642,
34.8978,
33.4645,
0.000487498,
0.000667723,
40.7123,
2.07417,
0.00015562,
38.5948,
0.00374578,
7.65609,
35.0301,
4.66445,
46.457,
21.2647,
47.3674,
1.52368,
7.22527,
36.7204,
1.54931,
45.1828,
0.000230181,
0.0144189,
0.000801236,
37.6452,
0.000164275,
14.2025,
47.9158,
49.0004,
0.000322136,
5.44818,
32.0807,
29.4686,
38.951,
11.5671,
39.8169,
102.302,
111.516,
42.9612,
22.0597,
105.434,
18.1989,
36.0587,
22.4265,
1.57498,
1.63614,
40.7324,
0.000735113,
0.000968724,
12.1893,
33.8114,
3.95941,
42.5622,
2.14529,
1.63202,
0.00054973,
22.0604,
22.4712,
0.000890379,
48.6523,
56.5208,
1.72093,
12.7116,
47.4032,
58.9919,
22.9529,
0.00218411,
0.000789996,
48.6513,
55.5712,
9.19942,
7.41188,
0.00109407,
44.2847,
36.1029,
0.706386,
35.3667,
7.35952,
29.9503,
33.2481,
11.8376,
40.7597,
1.70996,
7.15094,
45.7555,
36.7144,
22.3642,
39.6342,
7.14934,
34.6985,
1.78877,
1.98519,
21.6876,
22.045,
1.90161,
48.2267,
46.5528,
52.0985,
1.7895,
9.71697,
21.849,
63.4303,
33.1221,
30.832,
0.00229628,
0.00209867,
47.1315,
3.62974,
33.7236,
35.1008,
21.7185,
47.9585,
47.3582,
80.5049,
79.5669,
1.91471,
2.31622,
6.40505,
224.339,
68.052,
224.909,
67.7894,
54.9152,
119.244,
95.8619,
45.5096,
51.9793,
19.0855,
95.8087,
14.2953,
19.0772,
2.26471,
409.329,
30.9325,
13.5447,
57.2303,
3.59059,
67.7582,
117.153,
24.133,
22.4438,
28.9639,
343.169,
294.607,
97.2924,
440.123,
0.00876995,
20.5812,
4.31689,
12.1731,
43.9767,
7.40892,
5.18879,
287.125,
0.00214284,
80.5057,
463.524,
627.906,
2261.3,
79.7163,
1496.49,
1327.42,
141.116,
58.6319,
42.5805,
43.7042,
27.4607,
69.0751,
66.4909,
59.771,
6.33652,
18.8957,
30.9008,
100.873,
110.476,
12.4588,
35.9383,
8.16501e-06,
10.8145,
10.2513,
101.297,
116.39,
74.7553,
279.014,
46.6643,
0.000318842,
0.000155059,
8.71802,
57.4575,
66.6497,
1.01625,
7.04288e-05,
2.79794,
0.000911195,
0.00031207,
58.2363,
74.6989,
21.8624,
2.42976,
0.00880186,
32.8703,
43.1493,
20.587,
43.848,
15.7757,
55.3343,
131.726,
90.5666,
0.000240583,
13.9355,
16.2525,
103.9,
49.6611,
0.0112369,
